Yr,21,16,N
e0NB,38,32,N
zyeP,38,32,N
lK7,29,24,N
rcw,29,24,N
STT,29,24,N
6Ffg,38,32,N
tc,21,16,N
Ezn,29,24,N
ZB,21,16,N
F2L,29,24,N
CD,21,16,N
kvgo,38,32,N
ucTl,38,32,N
VIdP,38,32,N
s2d,29,24,N
qr,21,16,N
B4P,29,24,N
zuO,29,24,N
umo,29,24,N
r4,21,16,N
hpR,29,24,N
HZT,29,24,N
bJps,38,32,N
DE,21,16,N
1tt,29,24,C
z8,21,16,N
aBT0,38,32,N
gE,21,16,N
JvtV,38,32,N
LF,21,16,N
GoXi,38,32,N
X9z,29,24,N
Lz,21,16,N
yd0,29,24,N
6Sxe,38,32,N
tDvD,38,32,N
HDBJ,38,32,N
tL,21,16,N
F78,29,24,N
em,21,16,N
PL4S,38,32,N
KNp,29,24,N
BZe,29,24,N
yHp,29,24,N
8k,21,16,N
lu,21,16,N
74,21,16,N
J0tT,38,32,N
BcM,29,24,N
gHQ,29,24,N
Xu,21,16,N
nw1B,38,32,N
ld,21,16,N
P31t,38,32,N
Cr,21,16,N
5Pu,29,24,N
cJxF,38,32,N
COX,29,24,N
eCfm,38,32,N
1q,21,16,N
9yG,29,24,N
gwuK,38,32,N
XQgx,38,32,N
rAV,29,24,N
ABi,29,24,N
cURw,38,32,N
9na,29,24,N
r7E,29,24,N
CpBY,38,32,N
0KII,38,32,N
jKd,29,24,N
ym3,29,24,N
Yhg,29,24,N
VQ3t,38,32,N
AOJ,29,24,N
CHH,29,24,N
1V,21,16,N
aH,21,16,N
A7,21,16,N
9Z,21,16,N
UH,21,16,N
qR,21,16,N
WY,21,16,N
eIL0,38,32,N
gG,21,16,N
SoI,29,24,N
7P3,29,24,N
L0,21,16,N
5yj,29,24,N
hZUA,38,32,N
0Rp,29,24,N
yV,21,16,N
vadD,38,32,N
3tH,29,24,N
qBF,29,24,N
XL1,29,24,N
bX,21,16,N
mK,21,16,N
we,21,16,N
wS,21,16,C
yt,21,16,N
UgHP,38,32,N
eRm,29,24,N
BDCF,38,32,N
Udav,38,32,N
C4I,29,24,N
DX7,29,24,N
Ir,21,16,N
IsqK,38,32,N
iPHK,38,32,N
VFjJ,38,32,N
Qxd,29,24,N
wBL5,38,32,N
ejI,29,24,N
FU,21,16,N
1O,21,16,N
5NhA,38,32,N
cc,21,16,N
sY,21,16,N
AmzO,38,32,N
q8,21,16,N
zk,21,16,N
mmcq,38,32,N
Lr,21,16,N
A7x0,38,32,N
NIX,29,24,N
HU6,29,24,N
64u,29,24,N
7Yku,38,32,N
NK,21,16,N
wZ,21,16,N
qg,21,16,N
VmX,29,24,N
44,21,16,N
mW,21,16,N
HMqh,38,32,N
Tss,29,24,N
iYGO,38,32,N
fJWu,38,32,N
cAPJ,38,32,N
qo,21,16,N
oI7,29,24,N
UW,21,16,N
fAbO,38,32,N
YC,21,16,N
xSB,29,24,N
5e9Q,38,32,N
orBN,38,32,N
Lnj7,38,32,N
lZ,21,16,N
nkH,29,24,N
BL,21,16,N
5eVh,38,32,N
Qy3,29,24,N
NTz,29,24,N
FD,21,16,N
CZt2,38,32,N
ue,21,16,N
JxRw,38,32,N
5AQ,29,24,N
8iYn,38,32,N
Xr,21,16,N
1S,21,16,N
tGm,29,24,C
ax,21,16,N
MfF,29,24,N
4q1M,38,32,N
CB3,29,24,N
z4,21,16,N
3G,21,16,N
Nr,21,16,N
XPn,29,24,N
vCw6,38,32,N
Ft,21,16,N
Hg,21,16,N
B36,29,24,N
hIp,29,24,N
Rz,21,16,N
YkP,29,24,N
7D,21,16,N
wZ,21,16,N
P8i,29,24,N
5JDs,38,32,N
ng4,29,24,N
zhkb,38,32,N
dW5M,38,32,N
eDn,29,24,N
cP4,29,24,N
x6,21,16,N
Ov,21,16,N
V48C,38,32,N
rI3,29,24,N
QL,21,16,N
0n,21,16,N
dG,21,16,N
p0,21,16,N
zi3j,38,32,N
RCb,29,24,N
Ns,21,16,N
Iq,21,16,N
1uLq,38,32,N
8dHP,38,32,N
5yP,29,24,N
sr,21,16,N
Rtil,38,32,N
X4,21,16,N
nob,29,24,N
Jp45,38,32,N
0c,21,16,N
06xK,38,32,N
x7,21,16,N
2nw,29,24,C
xul,29,24,N
fKk,29,24,N
nVTC,38,32,N
rZ,21,16,N
e6,21,16,N
TGr,29,24,N
F0k,29,24,N
P4wQ,38,32,C
hd3,29,24,N
OJOe,38,32,N
7D,21,16,N
sKHk,38,32,N
ayF,29,24,N
hi,21,16,N
HNmC,38,32,N
OJT,29,24,N
ca7,29,24,N
vSo,29,24,N
sRJ,29,24,N
wC7c,38,32,N
faJu,38,32,N
ZCO,29,24,N
tf8C,38,32,N
LF8D,38,32,N
noH,29,24,N
5oD,29,24,N
fCQv,38,32,N
ADt,29,24,N
0hsw,38,32,N
1V5x,38,32,N
pWe,29,24,N
d2nH,38,32,N
jc,21,16,N
o7,21,16,N
PKzJ,38,32,N
OY,21,16,N
CKG,29,24,N
PBE,29,24,N
026,29,24,N
T0,21,16,N
GV,21,16,N
Fh,21,16,N
rA3,29,24,N
Upfx,38,32,N
nz,21,16,N
qqf,29,24,N
dT,21,16,N
7o,21,16,N
S12,29,24,N
Tw,21,16,N
DybW,38,32,N
YN,21,16,N
jmm6,38,32,N
1kh,29,24,N
n4ds,38,32,N
aB,21,16,N
aZfq,38,32,N
iQ3,29,24,N
gTQz,38,32,N
tAH,29,24,N
jB,21,16,N
Eh,21,16,N
Dj,21,16,N
QB9,29,24,N
5284,38,32,N
r7R,29,24,N
4mC,29,24,N
bALh,38,32,N
dK,21,16,N
IEi4,38,32,N
6tz9,38,32,N
dU,21,16,N
2Wz,29,24,N
R12r,38,32,N
u6NC,38,32,N
MOW,29,24,N
tikx,38,32,N
lxA,29,24,N
zq,21,16,N
F4K3,38,32,N
Kpu,29,24,N
ib,21,16,N
Pu1,29,24,N
2KXs,38,32,N
gMe,29,24,N
0F,21,16,N
ZO,21,16,N
9nNZ,38,32,N
Tvu0,38,32,N
WSs0,38,32,N
OPP,29,24,N
TrMA,38,32,N
4phi,38,32,N
if1,29,24,N
dHb,29,24,N
Eco,29,24,N
ZA,21,16,N
2h,21,16,N
uCDs,38,32,N
nN,21,16,N
ypt,29,24,N
MUr,29,24,N
BdU,29,24,N
UvT,29,24,N
Y9,21,16,N
Zmki,38,32,C
eD2,29,24,N
Xfv,29,24,N
bACh,38,32,N
JTS,29,24,N
ufBx,38,32,N
Y5,21,16,N
57Yp,38,32,N
eqYV,38,32,N
pmaO,38,32,N
PPB,29,24,N
f9v,29,24,N
bZ,21,16,N
Js,21,16,N
hz,21,16,N
nRSX,38,32,N
DAp,29,24,N
VrYs,38,32,N
HsN,29,24,N
LvCS,38,32,N
Cr3F,38,32,C
XOL,29,24,N
aTlg,38,32,N
C1Ci,38,32,N
Csq,29,24,N
Ed,21,16,N
3F,21,16,N
aWxS,38,32,N
Gxf,29,24,N
S4No,38,32,N
Wj4O,38,32,N
JT2,29,24,N
ctty,38,32,N
tP,21,16,N
ro,21,16,N
MJO,29,24,N
GEc,29,24,N
p0Uc,38,32,N
x0,21,16,N
Hnkl,38,32,N
1wYk,38,32,N
d0wN,38,32,N
iR,21,16,N
K0,21,16,N
z8l,29,24,N
WI,21,16,N
HVb,29,24,N
k5a,29,24,N
tTT,29,24,N
MNV,29,24,N
N5Xb,38,32,N
lpz,29,24,N
Ol,21,16,N
Dk,21,16,N
Qs,21,16,N
Pff,29,24,N
Kz6r,38,32,N
etLO,38,32,C
sGOd,38,32,N
c1W,29,24,N
VU,21,16,N
Cf0,29,24,N
IsAp,38,32,N
Fsh,29,24,N
i3,21,16,N
30,21,16,N
hw,21,16,N
YKqc,38,32,N
vbi,29,24,N
2Xf,29,24,N
OoA,29,24,N
BJCJ,38,32,N
Lp,21,16,N
UW0,29,24,N
QRC,29,24,N
lWw,29,24,N
v42W,38,32,N
nG,21,16,N
y6s,29,24,N
4Ep,29,24,N
fY,21,16,N
a7mK,38,32,N
kfe,29,24,N
SHSz,38,32,N
M0Cf,38,32,N
Nm,21,16,N
5R,21,16,N
mQ,21,16,N
Bc,21,16,N
dMZ,29,24,N
uSpT,38,32,N
n5,21,16,N
9oB,29,24,N
gNOS,38,32,N
7EW,29,24,N
8db,29,24,N
0Yz,29,24,N
fW,21,16,N
u7,21,16,N
6P,21,16,N
FGL,29,24,N
aEP,29,24,N
0Xr,29,24,N
HZQ,29,24,N
ZZ,21,16,N
wyM,29,24,N
GDp,29,24,N
ul,21,16,N
3C1i,38,32,N
Cs6o,38,32,N
MOs,29,24,N
X9x,29,24,N
kn,21,16,N
Ou9,29,24,N
Fg,21,16,N
DmA,29,24,N
TI,21,16,N
UIZF,38,32,N
AL4,29,24,N
mcO,29,24,N
y8K,29,24,N
Ezh,29,24,N
Dl,21,16,N
rzsP,38,32,N
MhD,29,24,N
E8,21,16,N
qDi,29,24,N
nK0f,38,32,N
BH,21,16,C
yWa,29,24,N
Mu,21,16,N
5N,21,16,N
gnOG,38,32,N
iqsz,38,32,N
hV,21,16,N
dZ,21,16,N
4Pqp,38,32,N
lRq,29,24,N
1k5U,38,32,N
inVu,38,32,N
HK,21,16,N
JIdA,38,32,N
lk1v,38,32,N
uVsT,38,32,N
V7F,29,24,N
vN,21,16,N
mP5I,38,32,N
ReJ2,38,32,N
z7Vo,38,32,N
QjR,29,24,N
O5,21,16,N
DkC,29,24,N
PA,21,16,N
vbQ,29,24,N
ain,29,24,N
xV,21,16,N
ZtPK,38,32,N
d155,38,32,N
CtC,29,24,N
Hm,21,16,N
y9,21,16,N
nK,21,16,N
NnBa,38,32,N
jH,21,16,N
KpI,29,24,N
rnEr,38,32,N
Yg80,38,32,N
DT9,29,24,N
v9q3,38,32,N
4N,21,16,N
3eS,29,24,N
SE,21,16,N
dTO,29,24,N
CwO,29,24,N
ZRD,29,24,N
dx,21,16,N
Yx9,29,24,N
aVuA,38,32,N
JElN,38,32,N
DLTp,38,32,N
mM,21,16,N
rj,21,16,N
RVGE,38,32,N
Be,21,16,N
1jo,29,24,N
cR,21,16,N
qh,21,16,N
Xka,29,24,N
a3,21,16,N
Jv,21,16,N
Uj,21,16,N
rmu,29,24,N
rMqS,38,32,N
eC,21,16,N
p5Y1,38,32,N
Yhw,29,24,N
3TpR,38,32,N
mlJ,29,24,N
4eY,29,24,N
6CZ,29,24,N
QEE,29,24,N
TKHt,38,32,N
lV,21,16,N
iR,21,16,N
UT,21,16,N
RU9,29,24,N
50Bs,38,32,N
xgJ8,38,32,N
ZKNT,38,32,N
rbZ,29,24,N
AHL,29,24,N
Xhdu,38,32,N
jlYT,38,32,C
oPP,29,24,N
4uL,29,24,N
4Cq,29,24,N
nt,21,16,N
hF67,38,32,N
u2vp,38,32,N
tFH,29,24,N
HU9,29,24,N
Yzp2,38,32,N
pk,21,16,N
ck,21,16,N
fKF0,38,32,N
Rm,21,16,N
Gq,21,16,N
TvV,29,24,N
ZQm,29,24,N
E4,21,16,N
Pp,21,16,N
wTB,29,24,N
Gjes,38,32,N
FbEc,38,32,N
111,29,24,N
p5D2,38,32,N
Tj,21,16,N
Hj,21,16,N
Ptr,29,24,N
Ox,21,16,N
XoMI,38,32,N
US,21,16,N
HO,21,16,N
yyoR,38,32,N
mtVW,38,32,N
Bc,21,16,N
2WEk,38,32,N
HIK,29,24,N
0U9,29,24,N
mGjG,38,32,N
yk,21,16,N
dP,21,16,N
QED0,38,32,N
Li5,29,24,N
qw,21,16,N
ez86,38,32,N
m0E,29,24,N
PL,21,16,N
y0j,29,24,N
3o,21,16,N
6n,21,16,N
mP,21,16,N
fM,21,16,N
rgER,38,32,N
6kK,29,24,N
k9,21,16,N
6nuH,38,32,N
Za,21,16,N
n2m,29,24,N
FLo,29,24,N
9OUJ,38,32,N
s6t5,38,32,N
D1b,29,24,N
rjlx,38,32,N
59D,29,24,N
Wev9,38,32,N
0E,21,16,C
9Ht2,38,32,N
69,21,16,N
6xHC,38,32,N
rhpN,38,32,N
K7a7,38,32,C
Mci4,38,32,N
8fx2,38,32,N
GREb,38,32,N
OE,21,16,N
ho,21,16,N
3Q,21,16,N
itkx,38,32,N
0R,21,16,C
lN,21,16,N
NP,21,16,N
JxQi,38,32,N
x2V,29,24,N
mAO,29,24,N
c1,21,16,N
Ji,21,16,N
Pc2,29,24,N
1q,21,16,N
ey,21,16,N
zhP,29,24,N
GXga,38,32,N
ueu,29,24,N
ha,21,16,N
LR,21,16,N
zhJh,38,32,N
JA,21,16,N
ejTh,38,32,N
BdCA,38,32,N
jBr,29,24,N
NhP,29,24,N
hZu,29,24,N
Zjn,29,24,N
D0m,29,24,N
r9,21,16,N
xG,21,16,N
sj,21,16,N
2Ue9,38,32,N
Zj5,29,24,N
3JIT,38,32,N
Ib0,29,24,N
W5,21,16,N
r32,29,24,N
JIzR,38,32,N
U9TY,38,32,N
p0R,29,24,N
ENn9,38,32,N
YC,21,16,N
BC2,29,24,C
jnHo,38,32,N
0pYk,38,32,N
WRYc,38,32,N
sm,21,16,N
Nb3Z,38,32,N
E5SM,38,32,N
NaWm,38,32,N
rT,21,16,N
bfl,29,24,N
fFx,29,24,N
XZn,29,24,N
kd7,29,24,N
ad,21,16,N
0wLA,38,32,N
Gg,21,16,N
yjL,29,24,N
Vr,21,16,N
UbvS,38,32,N
7m,21,16,N
anfd,38,32,N
lvk,29,24,N
caE,29,24,N
JKx1,38,32,N
DHW,29,24,N
PSJS,38,32,N
oKSK,38,32,N
fIzu,38,32,N
6KW8,38,32,N
vF,21,16,N
tQ,21,16,N
Dep,29,24,N
mI,21,16,N
Q4a,29,24,N
t1,21,16,N
fn,21,16,N
Z1PF,38,32,N
2p,21,16,N
xG,21,16,N
pJ7Y,38,32,N
Rk,21,16,N
Sax,29,24,N
ivt,29,24,N
8hz,29,24,N
3F,21,16,N
Db,21,16,N
RjS,29,24,N
FxS,29,24,N
zd,21,16,N
OPD,29,24,N
WMoS,38,32,N
xk,21,16,N
O0Xo,38,32,N
lq,21,16,N
eeZ,29,24,N
01,21,16,N
9ns6,38,32,N
tS,21,16,N
hy9s,38,32,N
EgM,29,24,N
bG,21,16,C
NuC,29,24,N
Yn,21,16,N
fie,29,24,N
lK,21,16,N
vn,21,16,N
w5,21,16,C
b2E6,38,32,N
zae,29,24,N
1k,21,16,N
zy,21,16,N
7q6,29,24,N
68I,29,24,N
3a6,29,24,N
ci6,29,24,N
BW,21,16,C
zq,21,16,N
otuK,38,32,N
ynT,29,24,N
VA,21,16,N
BQzT,38,32,N
AU,21,16,N
BHV,29,24,N
121T,38,32,N
AzEl,38,32,N
3f,21,16,N
TJ,21,16,N
uNK,29,24,N
Ho5,29,24,N
8eC,29,24,N
jU,21,16,N
xA8A,38,32,N
OG,21,16,N
AubF,38,32,N
N0,21,16,N
4dm8,38,32,N
t21,29,24,N
pV,21,16,N
24,21,16,N
snm,29,24,C
FV2z,38,32,N
SKvI,38,32,N
Jiy,29,24,N
4Q,21,16,N
3jKV,38,32,N
Nj,21,16,N
pWzR,38,32,N
xHt,29,24,N
9Ur,29,24,N
AXe,29,24,N
JZyn,38,32,N
Q06,29,24,N
mUc,29,24,N
Ur,21,16,N
52le,38,32,N
Ue5,29,24,N
vif,29,24,N
y8,21,16,N
Tn,21,16,N
Fj,21,16,N
TFAo,38,32,N
F7y,29,24,N
Iaq,29,24,N
ZsC,29,24,N
YCe,29,24,N
Z0ng,38,32,N
Gq,21,16,N
spK,29,24,N
jast,38,32,N
Aghg,38,32,N
vW,21,16,N
POsN,38,32,N
2j,21,16,N
6f,21,16,N
rc0z,38,32,N
9fn,29,24,C
e8,21,16,C
EAkm,38,32,N
fNDC,38,32,N
8YAZ,38,32,N
jY7,29,24,N
5T,21,16,N
MMuL,38,32,N
97,21,16,N
Tw,21,16,N
KfOe,38,32,N
Ga,21,16,N
9P,21,16,N
UZ,21,16,N
Rl,21,16,N
XOlP,38,32,N
eA,21,16,N
xFh,29,24,N
7Tpk,38,32,N
Ooq,29,24,N
ES,21,16,N
ZQ,21,16,N
KN3Y,38,32,N
rOpv,38,32,N
JmiV,38,32,N
h2,21,16,N
cLf,29,24,N
EqbQ,38,32,N
nEY,29,24,N
xK58,38,32,N
BclK,38,32,N
ffu,29,24,N
pjwI,38,32,N
aDg,29,24,N
QPy,29,24,N
12g0,38,32,N
8uB,29,24,N
U1HM,38,32,N
SE,21,16,N
IvO,29,24,N
0R,21,16,N
9Ak,29,24,N
YlN,29,24,N
Xv3,29,24,N
ui,21,16,N
95,21,16,N
EFHF,38,32,N
qBj,29,24,N
DB,21,16,N
hUA,29,24,N
HMBq,38,32,N
1O6,29,24,N
vjGZ,38,32,C
5Ef,29,24,N
LS,21,16,N
kX0v,38,32,N
sG10,38,32,N
VT,21,16,N
wRTW,38,32,N
VNpQ,38,32,N
fP41,38,32,C
mE,21,16,N
iJoi,38,32,N
Sx,21,16,N
uZ2Q,38,32,N
mCc,29,24,C
A9,21,16,N
6yK,29,24,N
Xy1,29,24,N
r82a,38,32,N
FeU,29,24,N
pa,21,16,N
pWb,29,24,N
q2,21,16,N
zZd,29,24,N
s1A,29,24,N
Hei,29,24,N
DNS,29,24,N
H0,21,16,N
ump,29,24,N
mHg,29,24,N
WL,21,16,N
Lzzn,38,32,N
KHwO,38,32,N
5Fm,29,24,N
OV,21,16,N
Pb,21,16,N
bK,21,16,N
MV,21,16,N
2N,21,16,N
Nh,21,16,N
`>V,29,24,C
mZ55,38,32,N
qs,21,16,N
8Flz,38,32,N
YXD,29,24,N
mOK,29,24,N
Y7,21,16,N
zm,21,16,N
HT,21,16,N
VqJ,29,24,N
JDR,29,24,N
U1Hg,38,32,N
CA,21,16,N
hu,21,16,N
7vE,29,24,C
dlQy,38,32,N
aHz,29,24,N
GuEI,38,32,N
6U,21,16,N
1xWY,38,32,N
LI3r,38,32,N
e3CH,38,32,N
TFY,29,24,N
ywdG,38,32,N
lS,21,16,N
e2g,29,24,N
oL,21,16,N
Qj4,29,24,N
0yzp,38,32,N
q8,21,16,N
Eo,21,16,N
OVq,29,24,N
po,21,16,N
WK,21,16,N
jS,21,16,N
zC,21,16,C
IP,21,16,N
NtZ,29,24,N
Yves,38,32,N
za,21,16,N
7E5c,38,32,N
1T,21,16,N
yOP,29,24,N
hMv2,38,32,N
GC8Z,38,32,N
sM,21,16,N
cy,21,16,N
sO,21,16,N
A4q9,38,32,N
9TR,29,24,N
VCVf,38,32,N
pod,29,24,N
lwt,29,24,N
3bWL,38,32,N
4Py,29,24,C
Um98,38,32,N
QOCg,38,32,N
Rh,21,16,N
Lsb,29,24,N
KlRy,38,32,N
7a,21,16,N
6kZ,29,24,N
dPL5,38,32,N
dR7,29,24,N
oj,21,16,N
Dy5l,38,32,N
6g2,29,24,N
kD,21,16,N
SOp,29,24,N
3xp3,38,32,N
d3SR,38,32,N
zYB,29,24,N
34,21,16,N
aeU,29,24,N
nws3,38,32,N
3AD,29,24,N
gc4,29,24,N
0dE,29,24,N
Gou,29,24,N
VDc0,38,32,N
rRpn,38,32,N
E4Nk,38,32,N
hxGC,38,32,C
uH,21,16,N
PJFX,38,32,N
Btb,29,24,N
U0a3,38,32,N
oSF,29,24,N
Ac,21,16,N
aAN,29,24,N
h9S,29,24,N
Hm,21,16,N
Fae,29,24,N
jOe,29,24,N
taCb,38,32,N
CKZ,29,24,N
XCL,29,24,N
gNK,29,24,N
a6s,29,24,N
t6tW,38,32,N
P3,21,16,N
rt1m,38,32,N
Mj,21,16,N
hHPc,38,32,N
yI,21,16,N
8JMb,38,32,N
XvL,29,24,N
878L,38,32,N
1uX,29,24,N
pXM,29,24,N
8S,21,16,N
4OWX,38,32,N
qcjz,38,32,N
x71s,38,32,N
5vJE,38,32,N
52RI,38,32,N
SzuP,38,32,N
OP3,29,24,N
CEKW,38,32,N
gpR,29,24,N
cAzg,38,32,N
HA2G,38,32,N
cL,21,16,N
fw,21,16,N
jJU,29,24,N
Z7,21,16,N
Au,21,16,N
PsNj,38,32,N
Vw0,29,24,N
dTjF,38,32,N
7hB1,38,32,N
oX,21,16,N
GQn,29,24,N
r9L6,38,32,N
PZAc,38,32,N
Af,21,16,N
wx4,29,24,N
ucd,29,24,N
dux,29,24,N
hR,21,16,N
Dq,21,16,N
0SF,29,24,N
E0,21,16,N
sWc,29,24,N
WQII,38,32,N
cv,21,16,N
DC,21,16,N
Q407,38,32,N
XB,21,16,N
WhC,29,24,N
3CB,29,24,N
Cn,21,16,N
KD,21,16,N
nm,21,16,N
ijKT,38,32,N
tbi8,38,32,N
hZrC,38,32,N
syVC,38,32,N
2Lcc,38,32,N
Ly,21,16,N
Oy,21,16,N
qiLD,38,32,N
DVw,29,24,N
At,21,16,N
Xf,21,16,N
EYW,29,24,N
bb8,29,24,N
cSn4,38,32,N
Re,21,16,N
Qndk,38,32,N
OED,29,24,N
XmO,29,24,N
DNh,29,24,N
xA,21,16,N
54,21,16,N
WS,21,16,N
GB7h,38,32,N
jg,21,16,N
6GZ,29,24,N
lo,21,16,N
04,21,16,N
TKnK,38,32,N
h8q,29,24,N
7Ajp,38,32,N
gg,21,16,N
RlO,29,24,N
4I,21,16,N
WrD5,38,32,N
1o2q,38,32,N
d2i,29,24,N
nDav,38,32,N
cZ5,29,24,N
mdFs,38,32,N
xCVq,38,32,N
aUC,29,24,N
KL,21,16,N
c6Go,38,32,N
AGj,29,24,N
Js4,29,24,N
nr,21,16,N
SP,21,16,N
HFf,29,24,N
Kw,21,16,N
TW,21,16,N
WB,21,16,N
IqkJ,38,32,N
iLHB,38,32,N
XB3D,38,32,N
rVT,29,24,N
4U,21,16,N
Mtuk,38,32,N
byDk,38,32,N
k8X,29,24,N
raZ,29,24,N
TXw,29,24,N
IO,21,16,N
xT,21,16,N
gyh,29,24,N
cPpa,38,32,N
kFY,29,24,N
Xb,21,16,C
3Zy,29,24,N
zLa,29,24,N
K38,29,24,N
r9vn,38,32,N
pcX,29,24,N
Gx,21,16,N
WVYB,38,32,N
bbd,29,24,N
rQs,29,24,N
3dt,29,24,N
HUc,29,24,N
ak5,29,24,N
96T,29,24,N
BeVe,38,32,N
mI2,29,24,N
7J,21,16,N
6z,21,16,N
1Yu,29,24,N
MK,21,16,N
8y,21,16,N
Z23W,38,32,N
5Y0,29,24,N
6N,21,16,N
IF,21,16,N
x5N,29,24,C
unT,29,24,N
bHZ,29,24,N
MRQ,29,24,N
lxt5,38,32,N
yoe,29,24,N
NFgc,38,32,N
yj,21,16,N
DS0,29,24,N
Qd,21,16,N
9z,21,16,N
pCBh,38,32,N
zjl,29,24,N
ju,21,16,N
I4p4,38,32,N
Tho,29,24,N
Tjj,29,24,N
unNh,38,32,N
EXpS,38,32,N
0o1,29,24,N
9AU,29,24,N
Wd0,29,24,N
UPsM,38,32,N
JF,21,16,N
n5t,29,24,N
46Z,29,24,N
xLPg,38,32,N
TK,21,16,N
L6,21,16,N
Ee,21,16,N
G4,21,16,N
J9O,29,24,N
d4f0,38,32,N
sg,21,16,N
WVs9,38,32,N
bBT,29,24,N
wn6,29,24,N
d4,21,16,C
DLV,29,24,N
Cy,21,16,N
DN,21,16,N
mj,21,16,N
ip,21,16,N
9f,21,16,N
Ux9r,38,32,N
At,21,16,N
UZM,29,24,N
1AiF,38,32,N
WG,21,16,N
Be3,29,24,N
g5AQ,38,32,N
1stO,38,32,N
J02,29,24,N
MMPh,38,32,N
WBu,29,24,N
0T,21,16,N
YpGS,38,32,N
u08i,38,32,N
rhV,29,24,N
KE,21,16,N
nz,21,16,N
si,21,16,N
exn2,38,32,N
lf,21,16,N
Y6j,29,24,N
X9,21,16,N
OCu,29,24,C
edx,29,24,N
VUO,29,24,N
eAwe,38,32,N
na9K,38,32,N
8Ee,29,24,N
v2hR,38,32,N
wdu,29,24,N
XMwV,38,32,N
Hj,21,16,N
aIE,29,24,N
SX,21,16,N
0l8R,38,32,N
k4,21,16,N
ep,21,16,N
3V,21,16,N
mQS,29,24,N
j0k,29,24,N
B7V,29,24,N
KYE,29,24,N
LqzV,38,32,N
eq6K,38,32,N
VZ,21,16,N
iIt,29,24,N
aO6,29,24,N
XxB,29,24,N
fm,21,16,N
Axz4,38,32,N
i6J1,38,32,N
gnjn,38,32,N
ThMH,38,32,N
Clz,29,24,N
zHpM,38,32,N
K8Gy,38,32,N
YSV,29,24,N
WF,21,16,N
YBhP,38,32,N
vEh,29,24,N
G8,21,16,N
Fv,21,16,N
NdA,29,24,N
5X40,38,32,N
sd,21,16,N
aPFp,38,32,N
TrtC,38,32,N
KYK,29,24,N
W7,21,16,N
QWm,29,24,N
ssM,29,24,N
Ktw,29,24,N
fRU,29,24,N
pj,21,16,N
ygE,29,24,N
cawJ,38,32,N
2o,21,16,N
nV8p,38,32,N
xS,21,16,N
xH,21,16,N
4h,21,16,N
ycM,29,24,N
jxB,29,24,N
ho,21,16,N
a8,21,16,N
bQF,29,24,N
8S,21,16,N
nAZw,38,32,N
LYd,29,24,N
7pyE,38,32,N
Hf0i,38,32,N
X9,21,16,N
z2lW,38,32,N
lMmj,38,32,N
6F,21,16,N
aKe,29,24,N
mwG,29,24,N
piqD,38,32,N
pk,21,16,N
YcYk,38,32,N
Dk0,29,24,N
OKuK,38,32,N
cGW,29,24,N
zyQ1,38,32,N
54Vn,38,32,C
AXw,29,24,N
eL,21,16,N
hONO,38,32,N
tt,21,16,N
ZVI,29,24,N
QG,21,16,N
cU,21,16,N
7x,21,16,N
BYM,29,24,N
K5O,29,24,N
tvv,29,24,N
qGWk,38,32,N
Dsi,29,24,N
iz4,29,24,N
jx,21,16,N
3R,21,16,N
ye0,29,24,N
lS,21,16,N
hJ,21,16,N
Igd,29,24,N
Ewu,29,24,N
naS,29,24,N
UuCD,38,32,N
Q2L,29,24,N
spJ,29,24,N
aj2,29,24,N
Bw,21,16,N
Cmx,29,24,N
FC,21,16,N
ez,21,16,N
Mg,21,16,N
T1Cx,38,32,N
wk2,29,24,N
LtiC,38,32,N
11,21,16,N
uGeL,38,32,N
RJ82,38,32,N
jpXv,38,32,N
WC,21,16,N
Kdn2,38,32,N
Mf6,29,24,N
7X,21,16,N
n2,21,16,N
P0s,29,24,N
uJR,29,24,N
l11s,38,32,N
tS,21,16,N
tv,21,16,N
1yKM,38,32,N
Ae6K,38,32,N
Aqhw,38,32,N
gAIJ,38,32,N
oV,21,16,N
HY,21,16,N
ej,21,16,N
rdl,29,24,N
H802,38,32,N
ZmL,29,24,N
GknG,38,32,N
8F,21,16,N
td,21,16,N
dG,21,16,N
M5,21,16,N
3r,21,16,N
xRm6,38,32,N
0wn,29,24,C
ohHz,38,32,N
5xHd,38,32,N
IhA,29,24,N
CkV4,38,32,N
3ts,29,24,N
k0N,29,24,N
tue,29,24,N
CF,21,16,N
kP6,29,24,N
wcP,29,24,N
4fi,29,24,N
SYI,29,24,N
1OPP,38,32,N
AHU9,38,32,N
Kq,21,16,N
xv,21,16,N
rMs,29,24,N
0jlk,38,32,N
ZEI,29,24,N
c3L4,38,32,N
9kg,29,24,N
okUd,38,32,N
HQ41,38,32,N
PWI,29,24,N
xdwE,38,32,N
SVv,29,24,N
wX,21,16,N
epo,29,24,N
UQlg,38,32,N
xTM,29,24,N
Rz,21,16,N
5Gs,29,24,N
5nAu,38,32,N
xZ9K,38,32,N
cbK,29,24,N
RL,21,16,N
oR,21,16,N
Vum3,38,32,N
WL,21,16,N
Qn,21,16,N
Nk,21,16,N
hxds,38,32,N
Zuv,29,24,N
OqH,29,24,N
wLJ,29,24,N
8TN,29,24,N
Hg,21,16,N
xn0,29,24,N
iO,21,16,N
rE,21,16,N
HB,21,16,N
1Bo,29,24,N
zsft,38,32,N
8lLa,38,32,N
M1,21,16,N
1G,21,16,N
2aA,29,24,N
6IA9,38,32,N
iH,21,16,N
Mon,29,24,N
i3S9,38,32,N
Rtc,29,24,N
KED,29,24,N
X7d,29,24,N
AYv,29,24,N
PNLq,38,32,N
16w,29,24,N
3r,21,16,N
q1,21,16,N
ecEK,38,32,N
CW,21,16,N
45b,29,24,N
7D,21,16,N
3rEY,38,32,N
qSC,29,24,N
EDmc,38,32,N
avKi,38,32,N
BSH,29,24,N
MSl,29,24,N
aFzn,38,32,N
atM,29,24,N
oAim,38,32,N
W2GJ,38,32,N
gqq,29,24,C
Pf,21,16,N
nd,21,16,N
Qr1,29,24,N
xNIB,38,32,N
3z,21,16,N
p8d,29,24,N
xXgY,38,32,N
06dv,38,32,N
yd2x,38,32,N
0Ok,29,24,N
roYb,38,32,N
sMun,38,32,N
cIAJ,38,32,N
85,21,16,N
Rzgt,38,32,N
QKRD,38,32,N
yb,21,16,N
j5G5,38,32,N
lgvy,38,32,N
5JyD,38,32,N
fFmX,38,32,N
P85,29,24,N
PNjS,38,32,N
T2Y,29,24,N
O54c,38,32,N
DfWs,38,32,N
gHLV,38,32,N
JPO,29,24,N
83R,29,24,N
Aw,21,16,N
Rg,21,16,N
or6,29,24,N
WbD,29,24,N
056g,38,32,N
FR1t,38,32,N
5G,21,16,N
qu,21,16,N
e6n,29,24,N
5Ct,29,24,N
Ba1z,38,32,N
Q6ei,38,32,N
1RpW,38,32,N
WDQ,29,24,N
xs,21,16,N
n7,21,16,N
Dit,29,24,N
JiWu,38,32,N
rNi,29,24,N
RCe3,38,32,N
n2Y,29,24,N
lgQ,29,24,N
Tb2,29,24,N
xM7,29,24,N
zce,29,24,N
BC1,29,24,N
z61,29,24,N
mcAK,38,32,N
HbXB,38,32,N
W6D,29,24,N
dt,21,16,N
QKlY,38,32,N
1T,21,16,N
PH,21,16,N
8fLq,38,32,N
FFug,38,32,N
1t7,29,24,N
3W,21,16,N
CX,21,16,N
9w08,38,32,N
z7,21,16,N
NN,21,16,N
PJNf,38,32,N
0sg7,38,32,N
ZIC,29,24,N
n9f,29,24,N
CG,21,16,N
ws,21,16,N
wW1K,38,32,N
MoA3,38,32,N
reLf,38,32,N
lhAi,38,32,N
wQ,21,16,N
ap,21,16,N
43,21,16,N
14z,29,24,N
3Bj,29,24,N
uLtV,38,32,N
hVjj,38,32,N
3pU9,38,32,N
3Y85,38,32,N
Ai,21,16,N
HQ,21,16,N
W6,21,16,N
8M,21,16,N
Vr,21,16,N
27ai,38,32,N
65,21,16,N
KcJo,38,32,N
GN,21,16,N
leEU,38,32,N
oHJC,38,32,N
A97X,38,32,N
Z00,29,24,N
U8Ef,38,32,N
M1a,29,24,N
jb,21,16,N
i92s,38,32,N
89,21,16,N
233,29,24,N
Te,21,16,N
i2i,29,24,N
q0OC,38,32,N
GE1,29,24,N
1C,21,16,N
ZKn,29,24,N
2Rd,29,24,N
0A,21,16,N
WTS,29,24,N
BOj,29,24,N
s9,21,16,N
xMNX,38,32,N
i8iE,38,32,N
BH1,29,24,N
wy,21,16,N
JK,21,16,N
Vu,21,16,N
tkhU,38,32,N
A3O,29,24,N
b6,21,16,N
fAqM,38,32,N
yJA,29,24,N
ATwM,38,32,N
4N8T,38,32,N
YTPk,38,32,N
U92,29,24,N
BnHy,38,32,N
b3,21,16,N
yueY,38,32,N
0v,21,16,N
aZ,21,16,N
OFB,29,24,N
uxR,29,24,N
9Soz,38,32,N
Oi9,29,24,C
c7,21,16,N
Jv,21,16,N
vAH,29,24,N
nJ,21,16,N
MDP,29,24,N
sC,21,16,N
h22X,38,32,N
NHo,29,24,N
2a,21,16,N
KLvC,38,32,N
BMo,29,24,N
7MG,29,24,N
bz,21,16,N
z4SG,38,32,N
SQo,29,24,N
A5s,29,24,N
zM,21,16,N
Jq9n,38,32,N
jsuY,38,32,N
l75,29,24,N
24,21,16,N
dC,21,16,N
nD,21,16,C
3DB,29,24,N
WJ3,29,24,N
IZo,29,24,N
q4b,29,24,N
4nj,29,24,N
bY9Z,38,32,N
Q3R1,38,32,N
GiMn,38,32,C
vDql,38,32,N
prRr,38,32,N
oHX,29,24,N
y7,21,16,N
AR5z,38,32,N
4Ek,29,24,N
h8tA,38,32,N
01,21,16,N
D1rQ,38,32,C
rh,21,16,N
Vl4N,38,32,N
m5,21,16,N
nV,21,16,N
xQph,38,32,N
qiWL,38,32,N
JV4P,38,32,N
u8,21,16,N
MA,21,16,N
9jwe,38,32,N
IkV,29,24,N
aZ,21,16,N
ICR7,38,32,N
LDU,29,24,N
aX,21,16,N
fPDR,38,32,N
BcdZ,38,32,N
bar,29,24,N
2v,21,16,N
Ft,21,16,N
QR,21,16,N
Ld,21,16,N
ca5,29,24,N
FaZ,29,24,N
xP,21,16,N
s3,21,16,N
OqO,29,24,N
ds2,29,24,N
P4v,29,24,N
4t,21,16,N
OJwc,38,32,N
JEy,29,24,N
EQ,21,16,N
lCw8,38,32,N
Cm,21,16,N
1xFU,38,32,N
HAT,29,24,N
m8,21,16,N
Ys,21,16,N
R6c,29,24,N
ewsM,38,32,N
N4,21,16,N
pym,29,24,N
Q7,21,16,N
OY,21,16,N
ZzKl,38,32,N
RZ,21,16,N
NmRz,38,32,N
GcTH,38,32,N
IHg,29,24,N
GK0,29,24,N
2T,21,16,N
IT,21,16,N
9p,21,16,N
oc,21,16,N
c5,21,16,N
qGH,29,24,C
rO,21,16,N
YA,21,16,N
pZr3,38,32,N
F0,21,16,N
JC,21,16,N
IvU,29,24,N
39gU,38,32,N
9P,21,16,N
YG,21,16,N
e8,21,16,N
UhV,29,24,N
llM3,38,32,N
Zl4,29,24,C
c5e,29,24,N
pB,21,16,N
XVF,29,24,N
JNq,29,24,N
ImiJ,38,32,N
1Gq,29,24,N
7ox,29,24,N
J3,21,16,N
81cD,38,32,N
ERg,29,24,N
5r,21,16,N
oTB,29,24,N
kfF6,38,32,N
dB,21,16,N
uU,21,16,N
XmH,29,24,N
6AjR,38,32,N
5R,21,16,N
Fj,21,16,N
u7vk,38,32,N
8FO0,38,32,N
755,29,24,N
hrpG,38,32,N
Vk,21,16,N
epe,29,24,N
9A,21,16,N
gyM0,38,32,N
mb,21,16,N
HI,21,16,N
NqGa,38,32,N
GG0a,38,32,C
BI,21,16,N
IcJ,29,24,N
2F,21,16,N
Gk4T,38,32,N
rw,21,16,N
eMdd,38,32,N
d5f,29,24,C
FEQ,29,24,N
sfb,29,24,N
Xfna,38,32,N
ng,21,16,N
kV,21,16,C
Wzt,29,24,N
jy,21,16,N
2vIR,38,32,N
xPC,29,24,N
Lrt,29,24,N
bz9,29,24,N
nJwB,38,32,N
xXDQ,38,32,N
B3SQ,38,32,N
PrFn,38,32,N
6n,21,16,N
WZf,29,24,N
PuVQ,38,32,N
lST,29,24,N
Alpq,38,32,N
b9i,29,24,N
xMhP,38,32,N
PV7,29,24,N
B8,21,16,N
YY,21,16,N
bcmM,38,32,C
OKk2,38,32,N
BTm,29,24,N
u2,21,16,N
Ug,21,16,N
dV3p,38,32,N
FZ,21,16,N
ZJf0,38,32,N
zrI,29,24,N
Bw,21,16,N
Hg,21,16,N
OtZN,38,32,N
YXTt,38,32,N
SMx,29,24,N
V1t,29,24,C
W4,21,16,N
K6n3,38,32,N
lC,21,16,N
wdO,29,24,N
Vl,21,16,N
6E,21,16,N
5lVJ,38,32,N
VlDr,38,32,N
bf,21,16,N
kUk,29,24,N
35,21,16,N
L9k,29,24,N
x3Ot,38,32,N
o3,21,16,N
Ob,21,16,N
No1K,38,32,N
84hl,38,32,N
p2Q0,38,32,N
7SX,29,24,N
fWGp,38,32,N
do2W,38,32,N
myX,29,24,N
djj,29,24,N
Y7,21,16,N
k9,21,16,N
MHf8,38,32,N
PQ,21,16,N
ZUfQ,38,32,N
Qhj7,38,32,N
JI1,29,24,N
Ka,21,16,N
nThL,38,32,N
Mws,29,24,N
59r,29,24,N
9Pxl,38,32,N
anpi,38,32,N
S5,21,16,N
99,21,16,N
bfjq,38,32,N
F2,21,16,N
1J,21,16,N
hSx3,38,32,N
Kb2,29,24,N
Pe,21,16,N
gm,21,16,N
UoG,29,24,N
Crp,29,24,N
ko,21,16,N
4CVs,38,32,N
7RH3,38,32,N
RzNj,38,32,N
LoN,29,24,N
aNC,29,24,N
DLFY,38,32,N
m9I2,38,32,N
DN,21,16,N
kvDs,38,32,N
2F5,29,24,N
XKA,29,24,N
aV5d,38,32,N
SMF,29,24,N
NHqc,38,32,N
zT,21,16,N
S0e,29,24,N
7dDe,38,32,N
FgR,29,24,N
RB2,29,24,N
eza,29,24,N
9K,21,16,N
5r7T,38,32,N
fR,21,16,N
5OM,29,24,N
mbu,29,24,N
PSRX,38,32,N
Ub,21,16,N
IZl,29,24,N
WS,21,16,N
77,21,16,N
sHiw,38,32,N
I2e,29,24,N
79h,29,24,N
C5y,29,24,C
GIh,29,24,N
RX,21,16,N
p3,21,16,N
Re,21,16,N
ksXf,38,32,N
ypeY,38,32,N
9h,21,16,N
dyz,29,24,N
BS,21,16,N
O8x,29,24,N
UH,21,16,N
wm9q,38,32,N
4oSY,38,32,N
CY,21,16,N
kv5f,38,32,N
QO,21,16,N
ggAK,38,32,N
Yg7Z,38,32,N
xUp,29,24,C
jok,29,24,N
dpn,29,24,N
gg,21,16,N
GzN,29,24,N
wX,21,16,N
eAGF,38,32,N
ja5,29,24,N
7ngG,38,32,N
8J93,38,32,N
heG,29,24,N
ufx,29,24,N
6M,21,16,N
Yb0,29,24,N
Eg,21,16,N
g6,21,16,N
dope,38,32,N
4a,21,16,N
Z7,21,16,C
p8,21,16,N
opH,29,24,N
RgP,29,24,N
Rz1,29,24,N
HG8i,38,32,N
X2mS,38,32,N
hKJi,38,32,N
2fL,29,24,N
KXe,29,24,N
hvG,29,24,N
yqai,38,32,N
Mwid,38,32,N
jnV0,38,32,N
1ayg,38,32,N
Yf,21,16,N
Qah,29,24,N
mT8,29,24,N
S5p,29,24,N
dec,29,24,N
1KcE,38,32,N
ITE,29,24,N
sWRz,38,32,N
jCyW,38,32,N
tr,21,16,N
bcPv,38,32,N
YO,21,16,N
eR74,38,32,N
awam,38,32,N
JZQR,38,32,N
re,21,16,N
y5s,29,24,N
wS,21,16,N
gI,21,16,N
Lk1,29,24,N
Ye,21,16,N
0H,21,16,N
kjw,29,24,N
0D8n,38,32,N
j2fS,38,32,N
J99,29,24,N
n1rq,38,32,N
unP,29,24,N
AmTw,38,32,N
aW,21,16,N
l6,21,16,N
Qx,21,16,N
GMr,29,24,N
cjR,29,24,N
QLbK,38,32,N
pox,29,24,N
BXY,29,24,N
jpDP,38,32,N
xa,21,16,N
zPvm,38,32,N
rW,21,16,N
PMSZ,38,32,N
P3fy,38,32,N
jFvW,38,32,N
Itrk,38,32,N
mL,21,16,N
T5X,29,24,N
ZpTQ,38,32,N
yb2,29,24,N
af,21,16,N
Klan,38,32,N
dW,21,16,N
HWt,29,24,N
H2M,29,24,N
R9,21,16,N
kAKQ,38,32,N
FF,21,16,N
DW9F,38,32,N
HNto,38,32,N
P9W,29,24,N
BQR2,38,32,C
Pq,21,16,N
KGzS,38,32,N
js,21,16,N
cB,21,16,N
lUPp,38,32,N
LWc,29,24,N
Wu,21,16,N
Kgv,29,24,N
Z76,29,24,N
vZht,38,32,N
OAMO,38,32,N
Ykek,38,32,N
Hp,21,16,N
Akf,29,24,N
QX,21,16,N
sD,21,16,N
vG,21,16,N
8R,21,16,N
kon,29,24,N
0r,21,16,N
PFUH,38,32,N
ISRv,38,32,N
qy,21,16,N
PAl,29,24,N
iiUw,38,32,N
afo,29,24,N
L1,21,16,N
FIF,29,24,N
LEW7,38,32,N
OW5,29,24,N
Ja48,38,32,N
ZpDZ,38,32,N
c7uC,38,32,C
X2Rp,38,32,N
jUJv,38,32,N
3x,21,16,N
Wa0,29,24,N
Y0,21,16,N
qki,29,24,N
piLO,38,32,N
prlH,38,32,N
Gsgq,38,32,N
HB,21,16,N
l5e,29,24,N
L3mY,38,32,N
MCJ,29,24,N
tnPp,38,32,N
f7,21,16,N
jI,21,16,N
UF,21,16,N
AR,21,16,N
1uLd,38,32,N
K0C,29,24,N
tsWz,38,32,N
DF,21,16,N
UM,21,16,N
x7,21,16,N
2T,21,16,N
UrdL,38,32,N
zXp,29,24,N
6zM,29,24,N
a7Fe,38,32,N
zh,21,16,N
TBt,29,24,N
Im2W,38,32,N
WXD,29,24,N
IG,21,16,N
ura,29,24,N
00,21,16,N
YM,21,16,N
8xY,29,24,N
O2K,29,24,N
o3le,38,32,N
i3K,29,24,N
WIy,29,24,N
EcbI,38,32,N
zOx,29,24,N
cfv,29,24,N
jri,29,24,N
ih,21,16,N
QyB0,38,32,N
go,21,16,N
Qujl,38,32,N
DbD,29,24,N
xr,21,16,N
zVnh,38,32,N
GATU,38,32,N
A7h,29,24,N
cyA,29,24,N
0ySO,38,32,N
1CJ,29,24,N
UvAI,38,32,N
v4w7,38,32,N
Dm,21,16,N
1lX,29,24,N
Ik,21,16,N
NT,21,16,N
xjd,29,24,N
bnCl,38,32,C
u7Cc,38,32,N
IzL2,38,32,N
QFk,29,24,N
JBZy,38,32,N
vWl,29,24,N
XJUn,38,32,C
5K8,29,24,N
vrY,29,24,N
reSM,38,32,N
39Eb,38,32,N
iq,21,16,N
tUI,29,24,N
ZzAy,38,32,N
c9lr,38,32,N
IeO,29,24,N
2D,21,16,N
2bk,29,24,N
UO2,29,24,N
Rd4,29,24,C
ay,21,16,N
ftll,38,32,N
hBER,38,32,N
oo7e,38,32,N
8e2Z,38,32,N
UU,21,16,N
Np,21,16,N
3AIa,38,32,N
QrJQ,38,32,N
Z8,21,16,N
gsX,29,24,N
qn,21,16,N
En,21,16,N
Zs,21,16,N
kW,21,16,N
csu,29,24,N
NJj,29,24,N
yvGc,38,32,N
RXN,29,24,N
sov1,38,32,N
6IQA,38,32,N
ZFr,29,24,N
ivHD,38,32,N
kH,21,16,N
FW,21,16,N
mu,21,16,N
JS,21,16,N
5Sk,29,24,N
nEd,29,24,N
e6,21,16,N
mc,21,16,N
NVej,38,32,N
Ym,21,16,N
ObN,29,24,C
wiI6,38,32,N
B2,21,16,N
dCW,29,24,N
IN7r,38,32,N
E8,21,16,N
Zz,21,16,C
rtM4,38,32,N
6K2F,38,32,N
mxvG,38,32,N
Ha,21,16,N
L4Z,29,24,N
2zo,29,24,N
n6YV,38,32,N
sXcR,38,32,N
TxZ,29,24,N
hEM,29,24,N
SK8J,38,32,N
sL,21,16,N
tT4X,38,32,N
6m2V,38,32,N
lRf,29,24,N
D1,21,16,N
bVSg,38,32,N
Ar,21,16,N
iKL,29,24,N
JLhN,38,32,N
YnT,29,24,N
8e,21,16,N
yY,21,16,N
NOtB,38,32,N
6l,21,16,N
aP,21,16,N
A4O,29,24,N
0eW,29,24,N
C4,21,16,N
KKn,29,24,N
iHR,29,24,N
fy,21,16,N
bcwa,38,32,N
91,21,16,N
uw,21,16,N
jy0H,38,32,N
YIvS,38,32,N
fHE6,38,32,N
FY1,29,24,N
sz,21,16,N
O6o,29,24,N
eW3,29,24,N
iJ,21,16,N
TIxt,38,32,N
uG,21,16,N
4z,21,16,N
6oS,29,24,N
Jv,21,16,N
51X,29,24,N
d8,21,16,N
O8fd,38,32,N
4D,21,16,N
PI,21,16,N
nJ4D,38,32,N
BG,21,16,N
71B,29,24,N
qg,21,16,N
CtQ,29,24,N
DTHL,38,32,N
FGxJ,38,32,N
Pk,21,16,N
eqCu,38,32,N
gprJ,38,32,N
iUs,29,24,N
GR,21,16,N
hfBi,38,32,N
2Ll,29,24,N
joK,29,24,N
VQ,21,16,N
0V,21,16,N
hGuU,38,32,N
wbu,29,24,N
C5g3,38,32,N
LK,21,16,N
xT,21,16,N
Tbl,29,24,N
130,29,24,N
HNp,29,24,N
Kz1,29,24,C
kq,21,16,N
TD7l,38,32,N
5g,21,16,N
Yl,21,16,N
Tf,21,16,N
Mv,21,16,N
TKrV,38,32,N
N0Dy,38,32,N
9533,38,32,N
7z1A,38,32,N
zEG,29,24,N
ni,21,16,N
xdS,29,24,N
G8B1,38,32,N
8wNf,38,32,N
hiLb,38,32,N
ZN,21,16,N
ITT,29,24,N
uS,21,16,N
d5,21,16,N
rX,21,16,N
Iuvi,38,32,N
okZ,29,24,C
tB,21,16,N
Sz32,38,32,N
1Xsh,38,32,N
kG,21,16,N
m5ju,38,32,N
pzFc,38,32,N
PG,21,16,N
Rx,21,16,N
fEv,29,24,N
Yi,21,16,N
bY,21,16,N
cnog,38,32,N
PVS,29,24,N
ZCjK,38,32,N
Db,21,16,N
1zp,29,24,N
uM,21,16,N
iH,21,16,N
GXnz,38,32,N
Ef,21,16,N
pL,21,16,N
sDv0,38,32,N
RDVZ,38,32,C
8Azs,38,32,N
IX8p,38,32,N
zLV,29,24,N
VbdW,38,32,N
0ea,29,24,N
FM,21,16,N
Ei3A,38,32,N
aI0y,38,32,N
qs,21,16,N
6T,21,16,N
rs,21,16,N
4V,21,16,N
pM,21,16,N
k6,21,16,N
ZnL,29,24,N
lrPm,38,32,N
qAm,29,24,N
qrRV,38,32,N
xBa,29,24,N
ZrS,29,24,N
m6,21,16,N
65q,29,24,N
4dKF,38,32,N
19W,29,24,N
Xgk,29,24,N
JTS,29,24,N
YDf,29,24,N
2YDG,38,32,N
0x0,29,24,C
sm,21,16,N
Kw,21,16,N
fN6,29,24,N
Jvp,29,24,N
7Op,29,24,N
5O,21,16,N
5g,21,16,N
PN,21,16,N
Zi3v,38,32,N
waM,29,24,N
6f,21,16,N
a6D4,38,32,N
gA,21,16,N
0S4b,38,32,N
0Qf,29,24,N
Acj,29,24,N
q67,29,24,N
TQ,21,16,N
Is,21,16,N
zkj,29,24,N
sO,21,16,N
FoIR,38,32,N
NI,21,16,N
cy8R,38,32,N
Bd2j,38,32,N
7c7,29,24,N
csv,29,24,N
NI,21,16,N
z6A1,38,32,N
Az,21,16,N
Ox,21,16,N
41vw,38,32,N
K9K,29,24,N
6ev3,38,32,C
G8,21,16,N
WLU,29,24,N
NT,21,16,N
TJEt,38,32,N
yRmk,38,32,N
j4ox,38,32,N
O3Q,29,24,N
Ku,21,16,N
HpK,29,24,N
yOlK,38,32,N
fqAj,38,32,N
dZ,21,16,N
jH,21,16,N
xno1,38,32,N
3EP,29,24,N
r5,21,16,N
yXQk,38,32,N
WYA,29,24,N
PG,21,16,N
y7,21,16,N
RH6,29,24,N
iF,21,16,N
TF,21,16,N
v4rY,38,32,N
aE,21,16,N
1u,21,16,N
ubI,29,24,N
20P,29,24,N
In,21,16,N
2KO,29,24,N
kOl,29,24,N
IQ,21,16,N
3A07,38,32,N
kR,21,16,N
FR2,29,24,N
Lg,21,16,N
DOI,29,24,N
7Egp,38,32,N
GkVn,38,32,N
0Z,21,16,N
TiKl,38,32,N
Mnoq,38,32,N
pZQ,29,24,N
Sarq,38,32,N
6aY,29,24,N
5uj4,38,32,N
SL,21,16,N
t0Q,29,24,N
Aq0,29,24,N
hy,21,16,N
aCb,29,24,N
qUl,29,24,N
BqYH,38,32,N
5W,21,16,N
xyds,38,32,N
eq,21,16,N
WC8,29,24,N
ueo,29,24,N
hw5t,38,32,N
fjSB,38,32,N
jJ,21,16,N
cZO,29,24,N
5F,21,16,N
rW,21,16,N
81,21,16,N
txDV,38,32,N
ePt,29,24,N
SOPu,38,32,N
RZp,29,24,N
ll,21,16,N
Ubf,29,24,N
h5p,29,24,N
l9i,29,24,N
mEaa,38,32,N
KzTF,38,32,N
SuIs,38,32,N
qY,21,16,N
n3B5,38,32,N
90N,29,24,N
lP0,29,24,N
wHy,29,24,N
Q4,21,16,N
ITI,29,24,N
t1Q,29,24,N
xvyf,38,32,N
Iw,21,16,N
797x,38,32,N
da30,38,32,N
wz,21,16,N
g3,21,16,N
X1O5,38,32,N
eoTQ,38,32,N
jnE,29,24,N
cgm8,38,32,C
jo,21,16,N
QD,21,16,N
3iC,29,24,N
unfd,38,32,N
R6E,29,24,N
hTAZ,38,32,N
rfzY,38,32,N
oWWb,38,32,N
4UL,29,24,N
By,21,16,N
Wvhp,38,32,N
MQ,21,16,N
Wj9i,38,32,N
gbIC,38,32,N
G9,21,16,N
7fE,29,24,N
lDL,29,24,N
U6,21,16,N
Hmj,29,24,N
nB,21,16,N
EMuF,38,32,N
WX,21,16,C
Mio,29,24,N
7f,21,16,N
fV,21,16,N
7qHt,38,32,N
tg,21,16,N
N1Cj,38,32,N
SK,21,16,N
QTC,29,24,N
dD,21,16,N
Roq,29,24,N
Omo9,38,32,C
8n,21,16,N
1J3,29,24,N
T2b,29,24,C
mu,21,16,N
7z,21,16,N
Iw,21,16,N
ic,21,16,N
Rzg,29,24,N
7pf,29,24,N
uCA,29,24,N
rA,21,16,N
aU1,29,24,N
ekV,29,24,N
mNMH,38,32,N
P3,21,16,N
AYtU,38,32,N
g9n,29,24,N
cCv,29,24,N
9aa,29,24,N
AP0,29,24,N
rVO,29,24,N
3Va,29,24,N
ZGA,29,24,N
s6K,29,24,N
2WS9,38,32,N
I5,21,16,N
U9,21,16,N
MiH,29,24,N
fvjb,38,32,N
NTaE,38,32,N
6Qz,29,24,N
X3yf,38,32,N
wE,21,16,N
Mas,29,24,N
iAk,29,24,N
1M,21,16,N
ckPv,38,32,N
Gs,21,16,N
SA,21,16,N
cpvU,38,32,N
yApM,38,32,N
AuF1,38,32,N
XLV,29,24,N
pW,21,16,N
5p0,29,24,N
4c4,29,24,N
si,21,16,N
NKrA,38,32,N
2zc,29,24,N
nvG,29,24,N
P0h,29,24,N
BK,21,16,N
YkL,29,24,N
ti,21,16,N
WK,21,16,N
XI,21,16,N
e74M,38,32,N
ln,21,16,N
UGj,29,24,N
Rm4,29,24,N
Aj5,29,24,N
OtFs,38,32,N
KR6E,38,32,N
heZ,29,24,N
Atm4,38,32,N
fv,21,16,N
uLFZ,38,32,N
Md,21,16,N
Urn4,38,32,N
pe5U,38,32,N
K54n,38,32,N
ial1,38,32,N
jM8,29,24,N
P7vc,38,32,N
GLkS,38,32,N
rXzk,38,32,N
ciCL,38,32,N
Yw2,29,24,N
33,21,16,N
n1,21,16,N
UcdI,38,32,N
DG11,38,32,N
ci,21,16,N
ocj,29,24,N
2JDc,38,32,N
GXuc,38,32,N
LV,21,16,N
YN4,29,24,N
iY,21,16,N
Ow,21,16,N
8v,21,16,C
hf,21,16,N
mi,21,16,N
SEEH,38,32,N
hH,21,16,N
Po,21,16,N
PdF,29,24,N
A7l,29,24,N
1hYL,38,32,N
INA,29,24,N
9Y,21,16,N
bn,21,16,N
v6j9,38,32,N
7p,21,16,N
Eypq,38,32,N
iJ,21,16,N
wCA,29,24,N
22,21,16,N
epHq,38,32,N
RdSI,38,32,N
Bw,21,16,N
F9,21,16,N
fz,21,16,N
9pmy,38,32,N
hhQ,29,24,N
yJ0,29,24,N
ZpSJ,38,32,N
E07,29,24,N
T2Ts,38,32,N
Eb,21,16,N
DI7,29,24,N
EJ4,29,24,N
3WmV,38,32,N
rn,21,16,N
L0e,29,24,N
SwJ9,38,32,N
3NM,29,24,N
EqI,29,24,N
X6,21,16,N
WI,21,16,N
KDFa,38,32,N
gz,21,16,N
dvPu,38,32,N
wxmr,38,32,N
yB3,29,24,N
Lg,21,16,N
ggwx,38,32,N
Gn,21,16,N
Sq,21,16,N
zlN,29,24,N
eEo,29,24,N
pD,21,16,N
tZs,29,24,N
9GeH,38,32,N
Jg8y,38,32,N
rlXj,38,32,N
2bzk,38,32,N
rzuH,38,32,C
dlM,29,24,N
WJY9,38,32,N
T7IW,38,32,N
vaN1,38,32,N
6Qj,29,24,N
o5,21,16,N
Vk96,38,32,N
50SK,38,32,N
Mcc,29,24,N
POp,29,24,N
bOT2,38,32,N
kZS,29,24,N
aOyt,38,32,N
PZ,21,16,N
qs,21,16,N
Vy,21,16,N
0YrB,38,32,N
rTwI,38,32,N
N2pa,38,32,N
TY,21,16,N
pl,21,16,N
q55,29,24,N
0gd3,38,32,N
OK,21,16,N
LK,21,16,N
AsF3,38,32,N
v4F,29,24,N
JO,21,16,N
aTEJ,38,32,N
51a,29,24,N
sG,21,16,N
o4je,38,32,N
tB3,29,24,N
3tc,29,24,N
1B,21,16,N
vqB,29,24,N
2ZV,29,24,C
BoQ5,38,32,N
kg,21,16,N
nwa,29,24,N
xx,21,16,N
SF8,29,24,N
p2ev,38,32,N
md,21,16,N
0IF,29,24,N
Vg,21,16,N
gL,21,16,N
R4M,29,24,N
DQh,29,24,N
457T,38,32,N
cCy,29,24,N
6Y,21,16,N
Id,21,16,N
Cc,21,16,N
uo2c,38,32,N
VAD,29,24,N
yF,21,16,N
4q,21,16,N
su7g,38,32,N
zEy,29,24,N
8qnV,38,32,N
qmz,29,24,N
Qnr,29,24,N
IKAx,38,32,N
Ubh,29,24,N
63nD,38,32,N
JXkF,38,32,N
3mCm,38,32,N
vN,21,16,N
99,21,16,N
JRR,29,24,N
lEtF,38,32,N
7E,21,16,N
QU0,29,24,N
6Dz,29,24,N
ND,21,16,N
Fw6,29,24,N
4n,21,16,N
5Qp,29,24,N
qM,21,16,N
0Os,29,24,N
xX,21,16,N
uTx,29,24,N
XAbF,38,32,N
6J,21,16,N
R5P,29,24,N
zxT,29,24,N
uX,21,16,N
dKaC,38,32,N
szY,29,24,N
HX6,29,24,N
Bf,21,16,N
7pYg,38,32,N
ph,21,16,N
sbZ,29,24,N
PjuK,38,32,N
vj,21,16,N
dpF,29,24,N
nbNO,38,32,N
ceya,38,32,N
Lw,21,16,C
tmF,29,24,N
z2g,29,24,N
dHJ,29,24,N
2ChY,38,32,N
hNB,29,24,N
BJ,21,16,N
6H,21,16,N
JiEc,38,32,N
D1J6,38,32,N
rZV,29,24,N
b2Fi,38,32,N
iltA,38,32,N
epl8,38,32,N
1w8,29,24,N
QXMf,38,32,N
tvPN,38,32,N
Qg,21,16,N
hSH,29,24,N
HXbo,38,32,N
M1n,29,24,N
Nx8,29,24,N
pcd,29,24,N
sCX,29,24,N
QP,21,16,N
Zj,21,16,N
LL,21,16,N
TD,21,16,N
oH,21,16,N
gV,21,16,N
MPL,29,24,N
RXO1,38,32,N
JTi,29,24,N
qzBv,38,32,C
6a,21,16,N
VnSu,38,32,N
bBe,29,24,N
PH,21,16,N
Gy,21,16,N
rO,21,16,N
LB5,29,24,N
uf,21,16,N
nkV,29,24,N
9x,21,16,N
IyM,29,24,N
TH,21,16,N
RvE,29,24,N
0gHH,38,32,N
AkMD,38,32,N
5Qx,29,24,N
MunD,38,32,N
oXY,29,24,N
Oobe,38,32,N
XQx,29,24,N
PNTS,38,32,N
zi25,38,32,N
9T,21,16,N
qbK,29,24,N
q5a,29,24,N
1P,21,16,N
H2We,38,32,N
EN,21,16,N
P5u1,38,32,C
9N4,29,24,N
1ww,29,24,N
2WME,38,32,N
sV,21,16,C
i0B,29,24,N
j1I5,38,32,N
AUNb,38,32,N
Ek7,29,24,N
KZ,21,16,N
LO,21,16,N
tUE,29,24,N
xIPA,38,32,N
MYp,29,24,N
LmrG,38,32,N
d3wJ,38,32,N
GCC,29,24,N
nG,21,16,N
bgKF,38,32,N
rx,21,16,N
Bt,21,16,N
vEOu,38,32,N
0Yzo,38,32,N
hTj,29,24,N
pggV,38,32,N
hg,21,16,N
X34,29,24,N
ew8,29,24,N
gMsO,38,32,N
c2,21,16,N
c2,21,16,N
BH,21,16,N
slI,29,24,N
zF,21,16,N
dFi,29,24,N
Qe,21,16,N
I0ir,38,32,N
09u5,38,32,N
oZ,21,16,N
n8,21,16,N
G1,21,16,N
iDi,29,24,C
Qb,21,16,N
x2E,29,24,N
0gb,29,24,N
KMl,29,24,N
f39,29,24,N
jtS,29,24,N
LeYj,38,32,N
Zkz6,38,32,N
zomZ,38,32,N
dlS8,38,32,N
3uH,29,24,N
vu,21,16,N
hM,21,16,N
iwNl,38,32,N
ClC,29,24,N
ix,21,16,N
mMEc,38,32,N
t2,21,16,N
k0m,29,24,N
1qT,29,24,N
t9j,29,24,N
m2ZD,38,32,N
hUjk,38,32,N
f3,21,16,N
dS,21,16,N
mt,21,16,N
pBq2,38,32,N
fZe,29,24,N
3Zxe,38,32,N
Ep,21,16,N
yrs,29,24,N
DVs,29,24,N
Yhdo,38,32,N
nkjs,38,32,N
uIP,29,24,N
3dk,29,24,N
Ehu,29,24,N
pXzq,38,32,N
LdH,29,24,N
Vpz,29,24,N
gxa6,38,32,N
NcF,29,24,N
OiPO,38,32,N
zg,21,16,N
e9B,29,24,N
pud,29,24,N
Uo,21,16,N
s7q,29,24,N
8B,21,16,N
ha25,38,32,C
QiX,29,24,N
qc,21,16,N
FbQ,29,24,N
Nx,21,16,N
BN,21,16,N
nm,21,16,N
U4,21,16,N
WdV,29,24,N
iw,21,16,N
nBw,29,24,N
Jov,29,24,N
s2,21,16,N
mk,21,16,N
9U,21,16,N
Qzr,29,24,N
np,21,16,N
HKQ,29,24,N
Mz7,29,24,N
hv,21,16,N
tr,21,16,N
AlT,29,24,N
8PvH,38,32,N
qZ,21,16,N
9rbI,38,32,N
0N,21,16,N
z188,38,32,N
5Gxb,38,32,N
3FT3,38,32,N
xcKs,38,32,N
fwqn,38,32,N
Mo9U,38,32,N
0j,21,16,N
QRW,29,24,N
VV,21,16,N
7L,21,16,N
nhhU,38,32,N
u1,21,16,N
xCC,29,24,N
qAU,29,24,N
yEr,29,24,N
zFvQ,38,32,N
9u,21,16,N
Xu,21,16,N
BJU,29,24,N
hHhK,38,32,N
LmLj,38,32,N
GvOS,38,32,N
NV,21,16,N
kpMs,38,32,N
Kk,21,16,N
sJx,29,24,N
jVzc,38,32,N
96,21,16,N
9Z,21,16,N
EXO,29,24,N
vMOo,38,32,N
zP7,29,24,N
KC2,29,24,N
h20,29,24,C
hLL,29,24,N
C2xs,38,32,N
1RV,29,24,N
n3,21,16,N
QpY,29,24,N
Bsqw,38,32,N
0Aa4,38,32,N
kII,29,24,N
jY,21,16,N
uc2,29,24,N
FwQB,38,32,N
dY,21,16,N
ECyF,38,32,N
BzY,29,24,N
TbJH,38,32,N
1D,21,16,N
B5hL,38,32,N
dtkd,38,32,N
gbN,29,24,N
3Yb,29,24,N
bhI,29,24,N
luZu,38,32,N
7BSR,38,32,N
3f4,29,24,N
eTE5,38,32,N
7x,21,16,N
cFO,29,24,N
igL,29,24,N
KaMM,38,32,N
G1,21,16,N
lGo,29,24,N
arj,29,24,N
aR,21,16,N
hv,21,16,N
o0,21,16,N
IIO,29,24,N
7TSR,38,32,N
j2,21,16,N
IW,21,16,N
6q4,29,24,N
W13D,38,32,N
GcEp,38,32,N
YI,21,16,C
Wd,21,16,N
8s,21,16,N
uf,21,16,N
jd,21,16,N
eFJ,29,24,N
Ndd,29,24,C
rJ5,29,24,N
1rC,29,24,N
mDtp,38,32,N
fr,21,16,N
3c,21,16,N
Pm,21,16,N
Wk,21,16,N
PFY,29,24,N
5qNr,38,32,N
ctNZ,38,32,N
2g,21,16,N
5OT,29,24,N
7h,21,16,N
DHu,29,24,N
b1bP,38,32,N
8rf8,38,32,N
1t,21,16,N
r99,29,24,N
4u,21,16,N
erN,29,24,N
poPc,38,32,N
rh,21,16,N
ztBa,38,32,N
BNg,29,24,N
gfZ8,38,32,N
45,21,16,N
8PL,29,24,N
8NTR,38,32,N
mTCr,38,32,N
69B,29,24,N
j9,21,16,N
NB,21,16,N
jIvv,38,32,N
i8O2,38,32,N
da,21,16,N
WoRd,38,32,N
YXnf,38,32,N
Rcr,29,24,N
txQ1,38,32,N
yj,21,16,N
6d,21,16,N
6oML,38,32,N
wrm,29,24,N
qME,29,24,N
2Reh,38,32,N
Bc,21,16,N
En,21,16,N
DCR,29,24,N
ju,21,16,N
iA,21,16,N
o9t2,38,32,N
5pg,29,24,N
93F7,38,32,N
44iA,38,32,N
AYiR,38,32,N
Xf,21,16,N
sHM,29,24,N
rB,21,16,N
8k,21,16,N
kmk,29,24,N
EJ54,38,32,N
6u,21,16,N
o1Jd,38,32,N
cL,21,16,N
YcV,29,24,N
01,21,16,N
zW,21,16,N
ec,21,16,N
cF6D,38,32,N
ErbA,38,32,N
MUNB,38,32,N
vEV,29,24,N
AI,21,16,N
av,21,16,N
QNC,29,24,N
jOBA,38,32,N
W2,21,16,N
qC,21,16,N
JkC,29,24,N
SzS,29,24,N
hlE,29,24,N
7e7y,38,32,N
cf,21,16,N
Nu,21,16,N
MKuU,38,32,C
Nnyl,38,32,N
RZ1,29,24,N
Jp7V,38,32,N
aRg,29,24,N
B2d1,38,32,N
Dl,21,16,N
nFKa,38,32,N
Lh,21,16,N
vP,21,16,N
BoXt,38,32,N
Lid,29,24,N
fVeT,38,32,N
d9,21,16,N
vOwD,38,32,N
LgWN,38,32,N
l7r,29,24,N
V7Ik,38,32,N
so,21,16,N
RDR2,38,32,N
CwF,29,24,N
ubJ,29,24,C
blo2,38,32,N
8y,21,16,N
9y,21,16,N
QZd,29,24,N
Qu,21,16,N
LNE9,38,32,N
J0i,29,24,N
Carh,38,32,N
uC,21,16,N
Ehd,29,24,N
DKSZ,38,32,N
45h,29,24,N
Pvj,29,24,N
NGx,29,24,N
0z,21,16,N
x6,21,16,N
UkN,29,24,N
TnRG,38,32,N
Ti,21,16,C
OW,21,16,N
CUDE,38,32,N
FD0,29,24,N
3C,21,16,N
rF,21,16,N
MoD,29,24,N
8GVh,38,32,N
be,21,16,N
gqR0,38,32,N
lu1t,38,32,N
qP,21,16,N
xUg,29,24,N
kZ,21,16,N
yw,21,16,N
ru,21,16,N
yTQ,29,24,N
ayU,29,24,N
dy,21,16,N
8dvL,38,32,N
f5,21,16,N
kA5f,38,32,N
39eZ,38,32,N
w9r,29,24,N
jV,21,16,N
w7PL,38,32,N
hnc,29,24,N
Bc,21,16,N
vtYi,38,32,N
QJia,38,32,N
X2,21,16,N
5B,21,16,N
4zdP,38,32,N
Ly,21,16,N
dUm,29,24,N
ndb,29,24,N
pIP,29,24,N
ISGj,38,32,N
ZTv,29,24,N
tByo,38,32,N
4Oq,29,24,N
Dvd,29,24,N
Jp,21,16,N
kUm,29,24,N
A7,21,16,N
uLj6,38,32,N
uV,21,16,N
UHf,29,24,N
AbFx,38,32,N
DPn,29,24,N
AaE,29,24,N
O58L,38,32,N
MbAE,38,32,N
Ee,21,16,N
Bpv2,38,32,N
BP0j,38,32,N
Z5,21,16,N
4R,21,16,N
gJ,21,16,N
S4bG,38,32,N
53,21,16,N
pSI,29,24,N
f3h6,38,32,N
06go,38,32,N
7a,21,16,N
IJe,29,24,N
g6UK,38,32,N
HxtW,38,32,N
nFOU,38,32,N
iFo0,38,32,N
u31i,38,32,N
SFTy,38,32,N
z3C7,38,32,N
676Q,38,32,N
5opX,38,32,N
YD,21,16,N
7F,21,16,N
Uske,38,32,N
nx,21,16,N
yRC,29,24,N
NnFh,38,32,N
Mkf,29,24,N
RAKI,38,32,N
5oQn,38,32,N
5I,21,16,N
fig,29,24,N
ah,21,16,N
yF,21,16,N
Kt,21,16,N
qjFk,38,32,N
6F,21,16,N
HayN,38,32,N
wO9Q,38,32,N
hxEj,38,32,N
Ip,21,16,N
vmLn,38,32,N
6yo,29,24,N
zz8,29,24,N
VbFB,38,32,N
M2,21,16,N
8hbN,38,32,N
dX4E,38,32,N
16,21,16,N
ey85,38,32,N
0v,21,16,N
k0,21,16,N
tGB,29,24,N
Gd,21,16,N
hWm,29,24,N
iBQ,29,24,N
fxK,29,24,N
AW0W,38,32,N
wll,29,24,N
zEZg,38,32,N
guGg,38,32,N
5jFG,38,32,N
TE,21,16,N
JFG,29,24,N
pjfj,38,32,N
cd,21,16,N
osq,29,24,N
WO2C,38,32,N
OL,21,16,N
nv,21,16,N
BAQ,29,24,N
SPOG,38,32,N
r6RM,38,32,N
gOXw,38,32,N
fNZ,29,24,N
Kd,21,16,N
o8MW,38,32,N
ebJ,29,24,N
qV,21,16,N
l2,21,16,N
Zjox,38,32,N
SZi,29,24,N
C0n,29,24,N
uPi,29,24,N
kx,21,16,N
Jxw,29,24,N
Woy,29,24,N
woY,29,24,N
dyZ,29,24,N
WT3,29,24,N
lOL,29,24,N
pbz,29,24,N
3tt,29,24,N
bmW,29,24,N
Kf,21,16,N
kjC,29,24,N
RQU,29,24,N
DvWy,38,32,C
dW1F,38,32,N
NHz,29,24,N
uB,21,16,N
z2,21,16,N
8eyS,38,32,N
WI,21,16,N
VFaa,38,32,N
2l5,29,24,N
kba,29,24,N
QQHI,38,32,C
k9ZR,38,32,N
ks,21,16,N
S0Ct,38,32,N
l9Ug,38,32,N
Ji,21,16,N
M9,21,16,N
2V,21,16,N
yG,21,16,N
71fL,38,32,N
69,21,16,N
x9g,29,24,N
OK1,29,24,N
Im,21,16,C
bWY,29,24,N
U8H,29,24,N
eEM,29,24,N
YJ,21,16,C
HaKh,38,32,N
wI,21,16,N
Mlay,38,32,N
HG,21,16,N
yHX,29,24,N
vf4,29,24,N
1cHa,38,32,C
Su7,29,24,N
lx0D,38,32,N
MAO,29,24,N
oJK9,38,32,N
ado0,38,32,N
VDY,29,24,C
8a,21,16,N
Ao,21,16,N
6djo,38,32,N
Nq4q,38,32,N
2B8X,38,32,N
Gm,21,16,N
Xkx,29,24,N
ryE,29,24,N
EBJ,29,24,N
RAk4,38,32,N
egz,29,24,N
hO,21,16,N
5mC,29,24,N
2t,21,16,N
3sE,29,24,N
ZSDI,38,32,N
bauQ,38,32,N
mf,21,16,N
O3,21,16,N
URg,29,24,N
wC,21,16,N
BRK,29,24,N
nyPo,38,32,N
Fp8,29,24,N
jy,21,16,N
Y2N,29,24,C
YB,21,16,N
mz6y,38,32,C
W2H,29,24,N
6dN,29,24,N
j5y,29,24,N
THu1,38,32,N
2Ayh,38,32,N
LG,21,16,N
J2k,29,24,N
C3X,29,24,N
l4,21,16,N
KyG,29,24,N
DXpX,38,32,N
sse,29,24,N
SzXz,38,32,N
DRC,29,24,N
aU,21,16,N
7k,21,16,N
0r,21,16,N
fm,21,16,N
gu,21,16,N
lgn,29,24,N
DEk,29,24,N
dv,21,16,N
mNAM,38,32,N
1d,21,16,N
jx,21,16,N
Yoj,29,24,N
aTh,29,24,N
e0s,29,24,N
kc,21,16,N
PRG,29,24,N
TFn3,38,32,N
w3Q,29,24,N
4g,21,16,N
XJS,29,24,N
KK10,38,32,N
nR,21,16,N
TU,21,16,N
8cQS,38,32,N
xMMB,38,32,N
QVuJ,38,32,N
NL,21,16,N
kzM8,38,32,N
SyLe,38,32,N
Lo,21,16,N
3fY,29,24,N
Ao,21,16,N
Rs,21,16,N
xik,29,24,N
WxyI,38,32,N
PY,21,16,N
Mzc,29,24,N
Yz,21,16,N
bHD,29,24,N
0ds,29,24,N
o6,21,16,N
49,21,16,N
SYej,38,32,N
7E,21,16,N
UN,21,16,N
Flc1,38,32,N
jvV,29,24,N
Un,21,16,N
7Y,21,16,N
3QW,29,24,N
rvaw,38,32,N
6Gr4,38,32,N
7vB,29,24,N
IqVT,38,32,N
oYC,29,24,N
aU,21,16,N
o0VF,38,32,N
Nlzb,38,32,N
iAI,29,24,N
LkdL,38,32,N
eSM,29,24,N
jPCy,38,32,N
ktk,29,24,N
Qon,29,24,N
Ai1,29,24,N
KoT,29,24,N
CN,21,16,N
82H,29,24,N
pnnU,38,32,N
4Hn,29,24,N
IBZ,29,24,N
Y5n,29,24,N
Vey,29,24,N
pi,21,16,N
gf,21,16,N
rhU,29,24,N
WyL,29,24,N
41ll,38,32,N
ukZ4,38,32,N
auPW,38,32,N
un6,29,24,N
4foZ,38,32,N
qo3,29,24,N
nUEQ,38,32,N
v4,21,16,N
aVr,29,24,N
i5,21,16,N
zqp,29,24,N
XL9,29,24,N
CoRt,38,32,N
ij,21,16,N
7W,21,16,N
vn8v,38,32,N
B3j,29,24,N
GCrM,38,32,N
Bt,21,16,N
OV,21,16,N
YBUO,38,32,N
6S3,29,24,N
7U,21,16,N
1Ni,29,24,N
UYt,29,24,N
quyF,38,32,N
wRz,29,24,N
2c,21,16,N
hQ,21,16,N
qyzt,38,32,N
sfy,29,24,N
hKrm,38,32,N
7ym,29,24,N
R7I,29,24,N
ZhO,29,24,N
sQ3,29,24,N
ndN,29,24,N
rYEy,38,32,N
Vp,21,16,N
UW2,29,24,N
Sb,21,16,N
gx,21,16,N
fcZ,29,24,N
aZn,29,24,N
zUlc,38,32,N
rsmo,38,32,N
xlS,29,24,N
N2,21,16,N
ndDy,38,32,N
1X,21,16,N
vtDu,38,32,N
HC,21,16,N
c1,21,16,N
FoX4,38,32,N
FK,21,16,N
Cu9s,38,32,N
IvXz,38,32,N
Aku,29,24,N
GD0,29,24,N
2Gf,29,24,N
YyRW,38,32,N
FSGG,38,32,N
iO,21,16,N
NW,21,16,N
Ufkx,38,32,N
SYrc,38,32,N
pt4u,38,32,N
Li,21,16,N
J2,21,16,N
RTy6,38,32,N
OXw,29,24,N
doCI,38,32,N
hW,21,16,N
Vk,21,16,N
Vj3C,38,32,N
1I,21,16,N
JV,21,16,N
rm,21,16,N
Ho,21,16,N
Bhs,29,24,N
wTf3,38,32,N
WM,21,16,N
BVnZ,38,32,N
kE5H,38,32,N
PE,21,16,N
h3Vf,38,32,N
mkTk,38,32,N
Hu,21,16,N
0ue3,38,32,N
46q,29,24,N
tKHf,38,32,N
Tu,21,16,N
a0Se,38,32,N
5P6,29,24,N
hU,21,16,N
orex,38,32,N
7nBb,38,32,N
QyC,29,24,N
msTD,38,32,N
ffD7,38,32,N
PO79,38,32,N
UZ,21,16,N
Mlhw,38,32,N
CW,21,16,N
qV,21,16,N
T9Q6,38,32,N
JhIP,38,32,N
yG8,29,24,N
Jg,21,16,N
k4Pu,38,32,N
Xsn,29,24,N
magc,38,32,N
Pa,21,16,N
glO,29,24,N
gtj,29,24,N
1X,21,16,N
Se,21,16,N
oW,21,16,N
l9,21,16,N
Vs,21,16,N
uiPB,38,32,N
ndWm,38,32,N
SvQ,29,24,N
gYG,29,24,N
gNy,29,24,N
Rk,21,16,N
kni,29,24,N
Qw,21,16,N
MR,21,16,N
Cn,21,16,N
Q6Kf,38,32,N
7Uk5,38,32,N
7P,21,16,N
Rlj9,38,32,N
KyZ2,38,32,N
eu,21,16,C
jJ,21,16,N
atd,29,24,N
Xbd7,38,32,N
Dt,21,16,N
ZfY,29,24,N
2acF,38,32,N
xIBM,38,32,N
WMo,29,24,N
5Cr5,38,32,N
jp,21,16,N
CHqy,38,32,N
Cii,29,24,N
jd7,29,24,N
qedD,38,32,N
hLd3,38,32,N
TxJ,29,24,N
BKn,29,24,N
nq,21,16,N
WYu,29,24,N
B7,21,16,N
7y,21,16,N
RLTc,38,32,N
7GeG,38,32,N
tPr,29,24,N
gxgW,38,32,N
h9kk,38,32,N
uFz,29,24,N
YW,21,16,N
uW,21,16,N
1OU,29,24,N
nH51,38,32,N
o4u,29,24,N
zRar,38,32,N
EVA5,38,32,N
3ODj,38,32,N
gUh7,38,32,C
z3,21,16,N
7G5,29,24,N
AWn,29,24,N
PnM1,38,32,N
7QJ,29,24,N
L9kc,38,32,N
mXk,29,24,N
PX,21,16,N
OqW,29,24,N
PN,21,16,N
h4fk,38,32,N
976R,38,32,N
0HXr,38,32,N
8b,21,16,N
QiMC,38,32,N
9du,29,24,N
xDWw,38,32,N
GdDU,38,32,N
rE,21,16,N
ZI,21,16,N
mR,21,16,N
zR,21,16,N
Gx,21,16,N
KD3t,38,32,C
sBrC,38,32,N
rKf,29,24,N
3a,21,16,N
kxz,29,24,N
c5YA,38,32,N
MKu,29,24,N
CwJ,29,24,N
vfE,29,24,N
mz,21,16,N
y1YU,38,32,N
Vh,21,16,N
gQcd,38,32,N
Gh,21,16,N
qQQ,29,24,N
IqDN,38,32,N
h6S,29,24,N
4Pj,29,24,N
Y1,21,16,N
nCJ,29,24,N
Sn,21,16,N
RI,21,16,N
est,29,24,C
Pn,21,16,N
3We,29,24,N
e7y,29,24,N
XSL,29,24,N
Pvt,29,24,N
twh,29,24,C
LO,21,16,N
m6,21,16,N
NDC,29,24,N
pKz,29,24,N
G5I,29,24,N
Oy,21,16,N
Gk,21,16,N
YE,21,16,N
2H8X,38,32,N
c1m,29,24,N
KZtq,38,32,N
KZ,21,16,N
ZdB,29,24,N
jdry,38,32,N
bv,21,16,N
fnUS,38,32,N
Za,21,16,N
Ydw,29,24,N
qyaN,38,32,N
sqKD,38,32,N
8N,21,16,N
s0,21,16,N
Lp,21,16,N
C2,21,16,N
QEs,29,24,N
joOt,38,32,N
ZC,21,16,N
4vji,38,32,N
fgb,29,24,N
v0M,29,24,N
AlC,29,24,N
rw,21,16,N
B9qr,38,32,N
2ope,38,32,N
bX,21,16,N
aow,29,24,N
7TP,29,24,C
vWZ,29,24,N
ZPY,29,24,N
573,29,24,N
9V,21,16,N
vZB,29,24,N
YyaI,38,32,N
xw,21,16,N
yLB,29,24,N
wkvb,38,32,N
Bi,21,16,N
GmG,29,24,N
E6O,29,24,N
Rxf,29,24,N
IMNU,38,32,N
1lWS,38,32,N
xM,21,16,N
lG,21,16,N
8yI,29,24,N
ZdEd,38,32,N
EHVf,38,32,N
Gtcf,38,32,N
dUo,29,24,N
2A,21,16,N
b6U,29,24,N
onO,29,24,N
O0Zh,38,32,N
YA,21,16,N
2w,21,16,N
MmB,29,24,N
e0M,29,24,N
SIM8,38,32,N
eE1a,38,32,N
X5,21,16,N
2LrR,38,32,N
m23,29,24,N
U9Mq,38,32,N
H6,21,16,N
bt4,29,24,N
1F,21,16,N
AR,21,16,N
CNd,29,24,N
bxh,29,24,N
vY,21,16,N
uyI8,38,32,C
woe,29,24,N
y7,21,16,N
Ql4J,38,32,N
QyV,29,24,N
ZW,21,16,N
fm,21,16,N
Fj,21,16,N
0XPo,38,32,C
Ys,21,16,N
TrS,29,24,N
MwsW,38,32,N
JS,21,16,N
7N7o,38,32,N
7dF,29,24,N
Wn8L,38,32,N
ChO9,38,32,N
5XX3,38,32,N
7ASL,38,32,N
34,21,16,N
HT6Y,38,32,N
pbh,29,24,N
6rcT,38,32,N
sW,21,16,N
WSrg,38,32,N
ZN,21,16,C
XuL,29,24,N
Yv,21,16,N
9dd0,38,32,N
Ct,21,16,N
Uh,21,16,N
9jb,29,24,N
Ernr,38,32,N
3V,21,16,N
eA,21,16,N
hl,21,16,N
Bk,21,16,N
0Z,21,16,N
rIWf,38,32,N
t5,21,16,N
RiIM,38,32,N
F1H,29,24,N
vt,21,16,N
DO,21,16,N
eo,21,16,N
n6ZT,38,32,N
P2p,29,24,N
WJ,21,16,N
Pv,21,16,N
Ajn,29,24,N
la,21,16,N
fU,21,16,N
nK,21,16,N
jgO,29,24,N
Z3aN,38,32,N
oo,21,16,N
eb,21,16,N
jjc,29,24,N
p9,21,16,N
IVIf,38,32,N
ti,21,16,N
8sap,38,32,N
2F,21,16,N
ub,21,16,N
QKv5,38,32,N
Pi,21,16,N
MFNK,38,32,N
kTE,29,24,N
fb,21,16,N
BuW,29,24,N
27Hn,38,32,N
smQ0,38,32,N
Ezs,29,24,N
BbW3,38,32,N
yHUn,38,32,N
3d,21,16,N
Mv3T,38,32,N
zqZY,38,32,N
uA,21,16,N
S2,21,16,N
oq8,29,24,N
sa,21,16,N
uIr,29,24,N
kWz,29,24,N
xn,21,16,N
KlzY,38,32,N
icTI,38,32,N
BDQ,29,24,N
d8h,29,24,N
089u,38,32,N
P7O8,38,32,N
EO5q,38,32,N
skm,29,24,N
0LL6,38,32,N
cT8,29,24,N
e9,21,16,N
ycL0,38,32,N
bhG,29,24,N
1H,21,16,N
42,21,16,N
6eJK,38,32,N
YhA,29,24,N
Htbh,38,32,N
jL,21,16,N
DhX,29,24,N
z7,21,16,N
ZkxC,38,32,N
qN,21,16,N
7m,21,16,N
j0f,29,24,N
eqFV,38,32,N
Hm,21,16,N
Tynw,38,32,N
FpC,29,24,N
AcaH,38,32,N
KqCr,38,32,N
9KX,29,24,N
QwSU,38,32,N
A8d,29,24,N
1dbx,38,32,N
iy,21,16,C
H1N,29,24,N
Oe,21,16,N
DNx,29,24,N
qqqB,38,32,N
li0A,38,32,N
Mqu,29,24,N
MGzF,38,32,N
tAz,29,24,N
nQ3o,38,32,N
NAKA,38,32,N
xYd,29,24,N
Dc,21,16,N
wOq8,38,32,N
6gnc,38,32,C
qh,21,16,N
3Q4,29,24,N
qY4H,38,32,N
YLK,29,24,N
WGo,29,24,N
UZV,29,24,N
iu,21,16,N
EE8i,38,32,N
N8,21,16,N
p35v,38,32,N
65,21,16,N
IIL,29,24,N
2IA,29,24,N
BMU,29,24,N
Si,21,16,N
1dvx,38,32,N
Acc,29,24,N
TNpx,38,32,N
67b,29,24,N
RjB,29,24,N
uGN,29,24,N
MLEY,38,32,N
3h,21,16,N
ag,21,16,N
Qw,21,16,N
jooe,38,32,N
VCjO,38,32,N
gs,21,16,N
Zl,21,16,N
v2,21,16,N
rV,21,16,N
kN,21,16,N
ib,21,16,N
KK,21,16,N
cPbT,38,32,N
3lqA,38,32,N
s0,21,16,N
aC,21,16,N
kmFl,38,32,N
uoEE,38,32,N
YM,21,16,N
QH,21,16,N
o59,29,24,N
bDmy,38,32,N
beN6,38,32,N
suib,38,32,N
bbM,29,24,N
fy1,29,24,N
AxUK,38,32,N
chh,29,24,N
zEhx,38,32,N
mM,21,16,N
aq,21,16,N
AFh,29,24,N
gY,21,16,N
f4,21,16,N
8Xr,29,24,N
ou,21,16,N
Rhl,29,24,N
C3U,29,24,N
RNl,29,24,N
cF,21,16,N
5iuA,38,32,N
OIZ,29,24,N
aZr,29,24,N
IBQ,29,24,N
OWgc,38,32,N
g4V,29,24,N
19,21,16,N
aYs,29,24,N
VxZR,38,32,N
4m,21,16,N
ETrk,38,32,N
tJ3,29,24,N
Yjl,29,24,N
J6r,29,24,N
Iz,21,16,N
BByF,38,32,N
yiD,29,24,N
Bo,21,16,N
XfO,29,24,N
jcEP,38,32,N
KEA,29,24,N
AUm,29,24,N
asK,29,24,N
zrZ,29,24,N
qs,21,16,N
kko,29,24,N
dG6i,38,32,N
qb,21,16,N
q1J,29,24,N
3BdI,38,32,N
OPw,29,24,N
WC,21,16,N
UbK,29,24,N
M1M,29,24,N
hoY,29,24,N
LWq,29,24,N
Xksy,38,32,N
EDF,29,24,N
h2tG,38,32,N
anS,29,24,N
yD2,29,24,N
M4e,29,24,N
oevt,38,32,N
wA,21,16,N
xU,21,16,N
Gt,21,16,N
9jy,29,24,N
00Q,29,24,N
Y6X,29,24,N
Oea,29,24,N
nFL,29,24,N
FPb,29,24,N
fezW,38,32,N
uIc3,38,32,N
p20G,38,32,N
Cb3,29,24,N
KR,21,16,N
egLt,38,32,C
Hwui,38,32,N
9Nye,38,32,N
5p21,38,32,N
HRL5,38,32,N
mS,21,16,N
fo,21,16,N
DXg8,38,32,N
AM10,38,32,N
si,21,16,N
i7,21,16,N
iy,21,16,N
Xtc,29,24,N
YMpg,38,32,N
El,21,16,N
fWS,29,24,N
Me,21,16,N
VN,21,16,N
nR,21,16,N
ym0,29,24,N
GPJ,29,24,N
c3,21,16,N
8Y,21,16,N
fVtP,38,32,N
lDi,29,24,N
CsQd,38,32,N
Z6U,29,24,N
gQ,21,16,N
KTNl,38,32,N
BA,21,16,N
DEgZ,38,32,N
jv,21,16,C
Ij,21,16,N
ph,21,16,N
05Hk,38,32,N
Em1,29,24,N
iv2,29,24,N
x5K,29,24,N
f9,21,16,N
wl,21,16,N
xXu,29,24,N
MS6,29,24,N
o1,21,16,N
GHqT,38,32,N
12,21,16,N
rYb,29,24,N
v6I,29,24,N
7L,21,16,N
48l,29,24,N
vZB,29,24,N
bk2,29,24,N
vDC,29,24,N
ufF8,38,32,N
GGV,29,24,N
4H,21,16,N
tima,38,32,N
L6Zw,38,32,N
il7g,38,32,N
esr,29,24,N
E8,21,16,N
17,21,16,N
ck,21,16,N
Czl,29,24,N
Ct2O,38,32,N
NAaA,38,32,N
mV,21,16,N
Vl,21,16,N
OC,21,16,N
Rq,21,16,N
xpJx,38,32,N
dP,21,16,N
WxI,29,24,N
ogy,29,24,N
IT,21,16,N
QCfE,38,32,N
6oW,29,24,N
Ard9,38,32,N
QGlR,38,32,N
U638,38,32,N
Vl,21,16,N
Hk,21,16,N
lw,21,16,N
1K,21,16,N
Ougg,38,32,N
sd6s,38,32,N
ks,21,16,N
GPl,29,24,N
myg,29,24,N
T2RK,38,32,N
2B,21,16,N
wc,21,16,N
v3G,29,24,N
mv,21,16,C
4pCc,38,32,N
1uWZ,38,32,N
Qyu,29,24,N
0Y,21,16,N
kf,21,16,N
eW,21,16,N
6ja,29,24,N
bnuE,38,32,N
WMo4,38,32,N
f0wS,38,32,C
GDv,29,24,N
W1ib,38,32,N
Hf,21,16,N
o0,21,16,N
gq,21,16,N
nj,21,16,C
cd,21,16,N
JCsR,38,32,N
AVR,29,24,N
fF,21,16,N
I02O,38,32,N
Kfo,29,24,N
Cr,21,16,N
bv,21,16,N
4G0,29,24,C
aVA,29,24,N
7Yo,29,24,N
wt7,29,24,N
xPdN,38,32,C
Ctx,29,24,N
sL,21,16,N
5E,21,16,N
80,21,16,N
jy3,29,24,N
UKeu,38,32,N
2CVH,38,32,N
7S4,29,24,N
ytD,29,24,N
UL,21,16,N
iyCc,38,32,N
ACy,29,24,N
nj4,29,24,N
ga,21,16,N
Gn,21,16,N
ISEr,38,32,N
PG9,29,24,N
8vTX,38,32,N
Nw8,29,24,N
TY,21,16,N
gm0O,38,32,N
dS,21,16,N
0w,21,16,N
FFQG,38,32,N
1Mm,29,24,N
dL,21,16,N
Ougv,38,32,N
rG,21,16,N
si,21,16,N
ROcP,38,32,N
aL9G,38,32,N
kXx,29,24,N
JYnC,38,32,N
mfW,29,24,N
GikW,38,32,N
8U,21,16,N
0Ywo,38,32,N
WjIl,38,32,N
QlJk,38,32,N
7f,21,16,N
Bpra,38,32,N
U3yt,38,32,N
V6,21,16,N
VvKf,38,32,N
33,21,16,N
6q,21,16,N
sj,21,16,N
W6,21,16,N
FuJ,29,24,N
tXRR,38,32,N
gBYk,38,32,N
uX,21,16,N
I5,21,16,N
VjK,29,24,N
ZZkv,38,32,N
DGzl,38,32,N
JeER,38,32,N
wp,21,16,N
ss,21,16,N
2c3,29,24,N
7Xpp,38,32,N
zLN,29,24,N
BPp,29,24,N
1NzG,38,32,N
nmTD,38,32,N
SJ,21,16,N
G80,29,24,N
1HfB,38,32,N
nGU,29,24,N
KjQ,29,24,N
xrJ,29,24,N
3HE,29,24,N
2L,21,16,N
bZe,29,24,N
je7T,38,32,N
4YT,29,24,N
OJF,29,24,N
nw9,29,24,N
hN,21,16,N
Nw2,29,24,C
nik,29,24,N
bf,21,16,N
bl,21,16,N
h9,21,16,N
Mg,21,16,N
02ZP,38,32,N
Ocm,29,24,N
VHYw,38,32,N
MW,21,16,N
gx,21,16,N
os,21,16,N
Ug,21,16,C
EQ,21,16,N
3gD,29,24,N
bidW,38,32,N
Q6LH,38,32,N
NdO,29,24,N
FTf,29,24,N
BfX,29,24,N
DyM,29,24,N
QfP5,38,32,N
24,21,16,N
EMNx,38,32,N
As,21,16,N
P1U8,38,32,N
HP1,29,24,N
Rjs,29,24,N
HP,21,16,N
x3j,29,24,N
Fugm,38,32,N
8K,21,16,N
lUu,29,24,N
yB,21,16,N
iuft,38,32,N
p2p,29,24,N
v43,29,24,N
jIq,29,24,N
rC,21,16,N
R7,21,16,N
mOM,29,24,C
Tpu4,38,32,N
kopP,38,32,N
RQP,29,24,N
9b2H,38,32,N
Smm9,38,32,N
pRY,29,24,N
RWn,29,24,N
bR4u,38,32,N
iS,21,16,N
dTZF,38,32,N
aIQQ,38,32,N
VP,21,16,N
i5L,29,24,N
9x,21,16,N
YRj,29,24,N
Cc9f,38,32,N
6eb8,38,32,N
Xs,21,16,N
pCy,29,24,N
LIWq,38,32,N
eepk,38,32,N
II,21,16,N
T6CX,38,32,N
95M,29,24,N
xZ,21,16,N
Qi,21,16,N
Ven,29,24,N
Qlh,29,24,N
19FX,38,32,N
iz,21,16,N
t76D,38,32,N
yEFd,38,32,N
jT,21,16,N
Izur,38,32,N
mA,21,16,N
fj,21,16,N
ir,21,16,N
Z9,21,16,N
L6K,29,24,N
oP,21,16,N
khC,29,24,N
BPZ,29,24,N
wD,21,16,N
JLT,29,24,N
g3IR,38,32,N
Yjd,29,24,N
jdm,29,24,N
ChE,29,24,N
VDXf,38,32,N
rqfK,38,32,N
CGr,29,24,N
hni,29,24,N
iO,21,16,N
ssW,29,24,N
mj,21,16,N
fJVe,38,32,N
P23L,38,32,N
7Nj,29,24,C
XN,21,16,N
X9l1,38,32,N
JQl,29,24,N
xJSd,38,32,N
BRG,29,24,N
wxZ,29,24,N
6ir,29,24,N
Hy,21,16,N
uSkn,38,32,C
cyC,29,24,N
We,21,16,N
UzE,29,24,N
ies,29,24,N
YJ,21,16,N
pJ4,29,24,N
Il,21,16,N
mZq,29,24,N
8L,21,16,N
8aL,29,24,N
Wu,21,16,N
Sq,21,16,N
kvh,29,24,N
vfa,29,24,N
EE,21,16,N
Gm,21,16,N
cLVD,38,32,N
Ibt,29,24,N
gjGA,38,32,N
I2aV,38,32,N
MhKX,38,32,N
x5M,29,24,N
FHjE,38,32,N
tiAK,38,32,N
ED,21,16,N
H3,21,16,N
DK,21,16,N
6RHI,38,32,N
00Bt,38,32,N
eNY,29,24,N
Y0tY,38,32,N
qK,21,16,N
Tb,21,16,N
g72,29,24,N
Rw6c,38,32,N
sEq2,38,32,N
b8,21,16,N
Vs,21,16,N
eei,29,24,N
nuM,29,24,N
dD,21,16,N
CzZ,29,24,N
bQKp,38,32,N
P2a,29,24,N
jQ,21,16,N
AnV6,38,32,N
aeRz,38,32,C
VQ,21,16,N
G3bx,38,32,N
by5E,38,32,N
haSB,38,32,N
jbVj,38,32,N
m3AU,38,32,N
vA,21,16,N
Fl,21,16,N
5DGn,38,32,N
gvG,29,24,N
yW,21,16,N
dFAE,38,32,N
3T8,29,24,N
OLDM,38,32,N
6s,21,16,N
S3,21,16,N
8HbW,38,32,N
lvv2,38,32,N
Es8,29,24,N
MfnD,38,32,N
6N,21,16,N
8Dr,29,24,N
31Y,29,24,N
tv5,29,24,N
FNho,38,32,N
AMs,29,24,N
hxkk,38,32,N
UQzn,38,32,N
RPS,29,24,N
piH,29,24,N
Lg,21,16,N
RLAS,38,32,N
Mg,21,16,N
KqkZ,38,32,C
Ci8,29,24,N
iMLJ,38,32,N
Bm,21,16,N
cZb6,38,32,N
9zL9,38,32,N
CAS,29,24,N
ffjZ,38,32,N
CdaQ,38,32,N
fgI,29,24,N
2n8X,38,32,N
5or,29,24,N
4l,21,16,N
LG,21,16,N
Fl58,38,32,N
rJP,29,24,N
oYZW,38,32,N
SbIs,38,32,N
Mt,21,16,N
4g,21,16,N
arI3,38,32,N
rZZM,38,32,N
rqr,29,24,N
GTR,29,24,N
k5,21,16,C
DB,21,16,N
7I,21,16,N
hjMG,38,32,N
SH,21,16,N
szXS,38,32,C
uX1,29,24,N
jkqh,38,32,N
GWlD,38,32,N
IUN,29,24,C
DEAy,38,32,N
5kwU,38,32,N
Bl,21,16,N
cg,21,16,N
ycY,29,24,N
G5k,29,24,N
B1o,29,24,N
89QM,38,32,N
X5KY,38,32,N
G3Le,38,32,N
zEId,38,32,N
rf,21,16,N
y1XH,38,32,N
EW9,29,24,N
MfJ,29,24,N
XySG,38,32,N
PgXY,38,32,N
dMYr,38,32,N
5d,21,16,N
JSqF,38,32,N
pe,21,16,N
UlM,29,24,N
dpf,29,24,N
HT,21,16,N
CVSk,38,32,N
Sg,21,16,N
mQGI,38,32,N
1sN6,38,32,N
MKC,29,24,N
erO,29,24,N
roga,38,32,N
A0,21,16,N
gTjc,38,32,N
oqR,29,24,N
Xcm,29,24,N
eHd9,38,32,N
GH62,38,32,N
SEq2,38,32,N
nRB,29,24,N
CJLQ,38,32,N
TE,21,16,N
r3k,29,24,N
Oko,29,24,N
qzjE,38,32,N
i0J,29,24,N
Gg4,29,24,N
aPo,29,24,N
dUP,29,24,N
1B,21,16,N
Heb,29,24,N
LdR1,38,32,N
0i,21,16,N
phSH,38,32,N
gJi,29,24,N
NNP,29,24,N
lC,21,16,N
t1,21,16,N
3bS,29,24,N
ZL,21,16,N
uI5,29,24,N
Gu,21,16,C
j2,21,16,N
rDLu,38,32,N
0IUD,38,32,N
Og,21,16,N
TN,21,16,N
SfI,29,24,N
UIq,29,24,N
cl8,29,24,N
AUxC,38,32,N
36D,29,24,N
CR,21,16,N
yk,21,16,N
Jbwu,38,32,N
HTqf,38,32,N
x1Vn,38,32,N
Jq,21,16,N
I58,29,24,N
F4n,29,24,N
lVl8,38,32,N
O6Oe,38,32,N
zFv3,38,32,N
gpfH,38,32,N
RH,21,16,N
zww,29,24,N
HPOk,38,32,N
oI1,29,24,N
r81,29,24,N
dPj,29,24,N
7Ha,29,24,N
Na9Z,38,32,N
jfrv,38,32,N
6cW,29,24,N
rHf,29,24,N
XH,21,16,N
Z5U,29,24,N
oBtL,38,32,N
P39,29,24,N
uJxf,38,32,N
WN,21,16,N
tc,21,16,N
AA,21,16,C
SCzf,38,32,N
KWA7,38,32,N
HZ2C,38,32,N
yU,21,16,N
xe,21,16,N
jQf,29,24,N
3TDb,38,32,N
VGv,29,24,N
iO,21,16,N
0C,21,16,N
OlxZ,38,32,N
yQys,38,32,N
HE,21,16,N
Bs,21,16,N
rr2,29,24,N
xI,21,16,N
vS,21,16,N
Vc,21,16,N
lu,21,16,N
Oq,21,16,N
C4,21,16,N
UKE,29,24,N
lu8,29,24,N
ebhP,38,32,N
lS,21,16,N
8F,21,16,N
FD,21,16,N
Ws0c,38,32,N
Ny,21,16,N
X8T,29,24,N
upm,29,24,N
mz,21,16,N
tr,21,16,N
iR,21,16,N
ayw,29,24,C
lsRf,38,32,N
dm16,38,32,N
JqNY,38,32,N
5TV,29,24,N
fFp1,38,32,N
M0,21,16,N
C7,21,16,N
Pk,21,16,N
Vl,21,16,N
p4n,29,24,N
r3h,29,24,N
ZS,21,16,N
2Qvd,38,32,N
B0I,29,24,N
l90,29,24,N
OJN,29,24,N
Qci,29,24,N
9C,21,16,N
HLj,29,24,N
qls,29,24,N
QtnE,38,32,N
HzIn,38,32,N
RJ,21,16,N
KI,21,16,N
GkO,29,24,N
Vk,21,16,N
xx1,29,24,N
7Q,21,16,N
3qKK,38,32,N
b5K,29,24,N
QTnY,38,32,N
cf,21,16,N
6XKZ,38,32,N
7ET,29,24,N
iz,21,16,N
ZR,21,16,N
G7Dz,38,32,N
Caiv,38,32,N
Zs7A,38,32,N
nMT,29,24,N
stHC,38,32,N
VcX,29,24,N
uUi,29,24,C
AE6,29,24,N
dFU,29,24,N
dHA,29,24,N
vLDp,38,32,N
EgTs,38,32,N
1Z,21,16,N
WTgU,38,32,N
tJ,21,16,N
vpe,29,24,N
8or2,38,32,N
2Iff,38,32,N
sr,21,16,N
fM1,29,24,N
JK,21,16,N
9d,21,16,N
EZ4,29,24,N
4o,21,16,N
BRWH,38,32,N
1UA,29,24,N
nc,21,16,C
wnY8,38,32,N
XN,21,16,N
2t,21,16,N
zf,21,16,N
7Q,21,16,N
wD,21,16,N
Mg,21,16,N
1ET,29,24,N
zY,21,16,N
Pm,21,16,C
T6Q,29,24,N
19,21,16,N
C9B,29,24,C
RxPc,38,32,N
mKF,29,24,N
PW,21,16,N
mPY,29,24,N
xd,21,16,N
DmO6,38,32,N
bp,21,16,N
NTY,29,24,N
hAA,29,24,N
vI,21,16,N
d8,21,16,N
PlF,29,24,N
HD,21,16,N
W1NK,38,32,N
4zEH,38,32,N
YbJ,29,24,N
oxyf,38,32,N
4a,21,16,N
YU,21,16,N
f54,29,24,N
rY,21,16,N
d8fE,38,32,N
Jjqu,38,32,N
np,21,16,N
jg,21,16,N
i1y,29,24,N
IeC,29,24,N
JF5P,38,32,N
EyJ5,38,32,N
Ir,21,16,N
V3,21,16,N
Fc,21,16,N
zlXJ,38,32,N
bk,21,16,N
nPrb,38,32,C
jR,21,16,N
BD,21,16,N
6R,21,16,N
D2xm,38,32,N
On,21,16,N
yR9,29,24,N
sPk,29,24,N
1U,21,16,N
65c,29,24,N
Si,21,16,N
CLgh,38,32,N
o2Iv,38,32,N
o3,21,16,N
x1O,29,24,N
sXLz,38,32,C
47V,29,24,N
EP,21,16,N
Npeg,38,32,N
dPA,29,24,N
GxB,29,24,N
hruf,38,32,N
0OQj,38,32,N
vRr4,38,32,N
WFJ,29,24,N
UXqF,38,32,N
sP,21,16,N
Uvn,29,24,N
da,21,16,N
qoD,29,24,N
4fRv,38,32,N
vC,21,16,N
3Ft5,38,32,N
VAt,29,24,N
fh,21,16,N
9Bh8,38,32,N
MJl,29,24,N
G9t,29,24,N
g5M,29,24,N
aUB,29,24,C
ST,21,16,N
OF,21,16,N
Pi,21,16,N
MGk,29,24,N
eE,21,16,N
Tn5F,38,32,N
kRON,38,32,N
VGf9,38,32,N
iv3c,38,32,N
1R,21,16,N
4k0N,38,32,N
7K,21,16,N
YLew,38,32,N
mks,29,24,N
cjDE,38,32,C
J0,21,16,N
4TLI,38,32,N
NLvm,38,32,N
WJFN,38,32,N
P2J,29,24,N
rGXO,38,32,N
HCeF,38,32,N
hVug,38,32,N
4BB,29,24,N
PR6s,38,32,N
Y2,21,16,N
4mrS,38,32,N
Fq,21,16,N
Bkn,29,24,N
Qg,21,16,N
wauU,38,32,N
yD,21,16,N
Pj,21,16,N
yM,21,16,N
ClH,29,24,N
Z9,21,16,N
fXD3,38,32,N
wZQ,29,24,N
AdHN,38,32,N
fNz,29,24,N
5SKo,38,32,N
d315,38,32,N
Z5Ou,38,32,N
m32,29,24,N
VeZf,38,32,N
szz9,38,32,N
Mi7,29,24,N
rLx,29,24,N
HM8d,38,32,N
cplO,38,32,N
EW,21,16,N
kLx,29,24,N
s0,21,16,N
b2gT,38,32,N
Szpz,38,32,N
694y,38,32,N
jLcH,38,32,N
OE9,29,24,N
aZU,29,24,N
Tngv,38,32,N
Cy,21,16,N
a3Fj,38,32,N
mm,21,16,N
EnJ,29,24,N
z9jq,38,32,N
q6Og,38,32,N
PD,21,16,N
fILX,38,32,N
OEm,29,24,N
RfGU,38,32,N
8T,21,16,N
Jds,29,24,N
Uum,29,24,N
UNZ,29,24,N
OoU,29,24,N
KLB,29,24,N
jlI,29,24,N
v9u,29,24,N
N1F,29,24,N
6q17,38,32,N
Ra5Q,38,32,N
XA7B,38,32,N
0Z,21,16,N
P7tW,38,32,N
mjO,29,24,N
B6q1,38,32,N
xqX,29,24,N
E9,21,16,N
TV,21,16,N
VShE,38,32,N
lrKz,38,32,N
Jv7G,38,32,N
SF,21,16,N
rYB,29,24,N
VA,21,16,N
5zX0,38,32,N
SjhN,38,32,N
xfZW,38,32,N
qrYZ,38,32,N
kZFJ,38,32,N
ELzB,38,32,N
s8S,29,24,N
GGq,29,24,N
stU,29,24,N
linp,38,32,N
Tgz,29,24,N
ycW,29,24,N
9N,21,16,N
HrN,29,24,N
m1,21,16,N
q6H,29,24,N
XP,21,16,N
BaAI,38,32,N
81FE,38,32,N
Zz,21,16,N
6Xb,29,24,N
KMC,29,24,N
sy,21,16,N
hA,21,16,N
8GQy,38,32,N
qN,21,16,N
6O,21,16,N
Ha,21,16,N
mU,21,16,N
cWal,38,32,N
rG,21,16,N
yWX8,38,32,N
Dv,21,16,N
fdg,29,24,N
Bni,29,24,N
1Sp4,38,32,N
P9,21,16,N
bh,21,16,N
O8Y,29,24,N
IK,21,16,N
3a1C,38,32,N
XM,21,16,N
tv,21,16,N
rjf5,38,32,N
kmW3,38,32,N
WF,21,16,N
uj,21,16,N
o8,21,16,N
gD,21,16,N
FkN,29,24,N
6uPt,38,32,N
qqt,29,24,N
qI,21,16,N
w4,21,16,N
Z2M,29,24,N
nLzO,38,32,N
khs,29,24,N
uH,21,16,N
TfYm,38,32,N
8Ua,29,24,N
soiu,38,32,N
D4,21,16,N
aRR,29,24,N
zjBw,38,32,N
1Ss,29,24,N
bRt4,38,32,N
15,21,16,N
8CcP,38,32,N
OT4Q,38,32,N
0U2,29,24,N
UKQ,29,24,N
pDE,29,24,N
op,21,16,N
q35F,38,32,N
SX,21,16,N
hT,21,16,N
Pk,21,16,N
qJ,21,16,N
7wPZ,38,32,N
jcmz,38,32,N
lGPj,38,32,N
5WN,29,24,C
A7,21,16,N
ih,21,16,N
EW,21,16,N
ce,21,16,N
lgw,29,24,N
DQ,21,16,N
WsWh,38,32,N
Vy,21,16,N
xSb,29,24,N
HM8,29,24,N
Hj,21,16,N
EN7M,38,32,N
Qc,21,16,N
ay96,38,32,N
hrT,29,24,C
coh,29,24,N
FkC,29,24,N
AUzw,38,32,N
T236,38,32,N
Mum,29,24,N
QZpN,38,32,N
9z,21,16,C
yA,21,16,N
9mBr,38,32,N
tN,21,16,N
LH5,29,24,N
ubUD,38,32,N
jJ,21,16,N
n0u,29,24,N
MjV,29,24,N
ye5,29,24,N
96B,29,24,N
yF0,29,24,N
yYqj,38,32,N
hp,21,16,N
pUms,38,32,N
EN6N,38,32,N
8T,21,16,N
aiN,29,24,N
ye,21,16,N
64,21,16,N
cSX,29,24,N
90,21,16,N
45,21,16,N
Fe,21,16,N
AU,21,16,N
g9F,29,24,N
vX,21,16,N
tru8,38,32,N
4pX,29,24,N
l0A,29,24,N
FK,21,16,N
p7Az,38,32,N
Gc,21,16,N
evel,38,32,N
DH,21,16,N
aTLk,38,32,N
h0W,29,24,N
LRxD,38,32,N
Ev8Q,38,32,N
i5D,29,24,N
Ab,21,16,N
ICES,38,32,N
csb,29,24,N
TjJL,38,32,N
u5,21,16,N
pAbp,38,32,N
6c,21,16,N
A7RQ,38,32,N
RK6j,38,32,N
1t,21,16,N
a6r8,38,32,N
Yc,21,16,N
EH,21,16,N
mw3,29,24,N
kd,21,16,N
oTaX,38,32,N
0UNd,38,32,N
rJh,29,24,N
Tf,21,16,C
5zU,29,24,N
VNe,29,24,N
iS9W,38,32,N
fO71,38,32,N
esrZ,38,32,N
T5Zc,38,32,N
Wdo,29,24,N
1P,21,16,N
uq,21,16,N
SE,21,16,N
43cd,38,32,N
1Z,21,16,N
rpqq,38,32,N
qfky,38,32,N
SQx,29,24,N
swGM,38,32,N
CYAd,38,32,N
wP,21,16,N
dkK,29,24,N
xsu,29,24,N
NFiP,38,32,N
Sn2i,38,32,N
00j8,38,32,N
W2V5,38,32,N
8Z,21,16,N
TXr,29,24,C
W9,21,16,N
l1G6,38,32,N
lagQ,38,32,N
SUAN,38,32,N
Rbw,29,24,N
Ci8l,38,32,N
iC,21,16,N
t1YN,38,32,N
7O,21,16,N
JUX,29,24,N
7oD,29,24,N
uG,21,16,N
7j,21,16,N
WOG,29,24,C
Ps,21,16,N
Hd,21,16,N
mv,21,16,N
Qgxb,38,32,N
2xe,29,24,N
YvFL,38,32,N
NVz,29,24,N
Ax,21,16,N
f45K,38,32,N
len,29,24,N
MiWa,38,32,N
Je1,29,24,N
nuK,29,24,N
oal,29,24,N
iQtd,38,32,N
Z3H,29,24,N
6e,21,16,N
pFz1,38,32,N
kRr,29,24,N
mY28,38,32,N
7fjO,38,32,C
VOyo,38,32,C
vpSP,38,32,N
92cb,38,32,N
2kGV,38,32,N
OnYi,38,32,N
dW,21,16,N
gK,21,16,N
vS,21,16,N
1K,21,16,N
bAb,29,24,N
VM,21,16,N
Evc3,38,32,N
4M,21,16,N
k9,21,16,N
tde,29,24,N
Kg,21,16,N
5BS,29,24,N
UPR,29,24,N
52e,29,24,N
ROR4,38,32,N
WY8,29,24,N
4d,21,16,N
Dg2,29,24,N
6H,21,16,N
vP,21,16,N
pa,21,16,N
R7y,29,24,N
r00,29,24,N
RGxB,38,32,N
N3pA,38,32,N
CZWk,38,32,N
O6z3,38,32,N
gSa,29,24,C
jf,21,16,N
jg,21,16,N
RlG,29,24,N
3XC,29,24,N
sX,21,16,N
1K5,29,24,N
ap0,29,24,N
jY,21,16,N
qJ3O,38,32,N
fGJy,38,32,N
inp,29,24,N
aTje,38,32,N
xTfQ,38,32,N
LA,21,16,C
XU,21,16,N
BDJS,38,32,N
jk,21,16,N
yfW,29,24,N
KJZ,29,24,N
zH,21,16,N
ffls,38,32,N
kp4,29,24,N
SqMl,38,32,N
vKus,38,32,N
xg4n,38,32,N
sH,21,16,N
Obu,29,24,N
tw9,29,24,N
4H7,29,24,N
OEi,29,24,N
a6q,29,24,N
Uj,21,16,N
AqH,29,24,N
Si,21,16,N
4L,21,16,N
vN,21,16,N
7TWA,38,32,N
gl,21,16,N
tg7F,38,32,N
RfRe,38,32,N
4w,21,16,N
iE,21,16,C
SQ,21,16,N
1B3a,38,32,N
ucaA,38,32,N
T6zl,38,32,N
WG5,29,24,N
bI,21,16,N
3H,21,16,N
PRSj,38,32,C
Jo,21,16,N
P8h0,38,32,C
RnYh,38,32,N
8kp,29,24,N
ED,21,16,N
Sp,21,16,N
jC,21,16,N
q6l,29,24,N
CpjZ,38,32,N
jg,21,16,N
46j,29,24,N
FjHk,38,32,N
9m6V,38,32,N
Cln,29,24,N
7I1G,38,32,N
zUw,29,24,N
bsNc,38,32,N
kv,21,16,N
j5L,29,24,C
3K5F,38,32,N
Y9,21,16,N
Vl,21,16,N
5w,21,16,N
mud,29,24,N
Vp,21,16,N
CeE,29,24,N
qHF,29,24,N
MTPx,38,32,N
8Q9,29,24,N
8w,21,16,N
wqec,38,32,N
BKV,29,24,N
1R,21,16,N
fbGh,38,32,N
Zu1,29,24,N
j60u,38,32,N
0zGO,38,32,N
gR,21,16,N
Hh,21,16,N
tYTl,38,32,N
6wFC,38,32,N
UTF4,38,32,N
1f3V,38,32,N
D1i6,38,32,N
1b3,29,24,N
yca,29,24,N
ZS,21,16,N
kN,21,16,N
vU,21,16,N
pgj,29,24,N
ueM5,38,32,N
35,21,16,N
xw,21,16,N
0W,21,16,N
omLJ,38,32,N
AIFj,38,32,N
FE,21,16,N
RbEq,38,32,N
sHzE,38,32,N
bE6U,38,32,N
Ij,21,16,N
CU,21,16,N
b7Df,38,32,N
aW4,29,24,N
TCu,29,24,N
OaF,29,24,N
fs,21,16,C
wV0,29,24,N
Kl84,38,32,N
qOn,29,24,N
FF,21,16,N
qyD,29,24,N
KNWI,38,32,N
GQ,21,16,N
jdq,29,24,N
KXa,29,24,N
a7Z3,38,32,N
TObD,38,32,N
BdW,29,24,N
9lM,29,24,N
bX,21,16,N
QP,21,16,N
EeC9,38,32,N
4FOk,38,32,N
yP,21,16,N
oSj0,38,32,N
8ZQt,38,32,N
tlT,29,24,N
md,21,16,N
Sk,21,16,N
gXO,29,24,N
Bzkk,38,32,N
6HdF,38,32,N
jE,21,16,N
Em,21,16,N
MT,21,16,N
CGq,29,24,N
1o,21,16,N
BI,21,16,N
Q6a,29,24,N
S9op,38,32,N
XH9,29,24,N
im2,29,24,N
1gJ,29,24,N
e9,21,16,N
S5NB,38,32,N
XPBI,38,32,N
YZ,21,16,N
TV,21,16,N
dG,21,16,N
U1z,29,24,N
AMMy,38,32,N
kFBI,38,32,N
m6q,29,24,N
aCP,29,24,N
tLuF,38,32,N
iI,21,16,N
hKLn,38,32,N
OB,21,16,N
G7M,29,24,N
KVN,29,24,N
ZI1,29,24,N
DXar,38,32,N
jLl,29,24,N
cn,21,16,N
3F,21,16,N
rjo,29,24,N
fyJd,38,32,N
tPQx,38,32,N
MiW,29,24,N
uQp,29,24,N
hGN,29,24,N
JDjk,38,32,N
51vs,38,32,N
Gpp,29,24,N
eS,21,16,N
nc,21,16,N
srE,29,24,N
nVKZ,38,32,N
YYNk,38,32,N
qHJE,38,32,N
WX,21,16,N
jo9,29,24,N
q6,21,16,N
m1jx,38,32,N
Iw,21,16,N
9yjA,38,32,N
FNF3,38,32,N
d4Zx,38,32,N
jLpR,38,32,N
SV0,29,24,N
4UXb,38,32,N
lT,21,16,N
au,21,16,N
vYe3,38,32,N
ZB,21,16,C
GJfc,38,32,N
aCF,29,24,N
5m,21,16,N
Bp,21,16,N
4W,21,16,N
M5q,29,24,N
dx,21,16,N
N61,29,24,N
GBZ,29,24,N
yq,21,16,N
tLY8,38,32,N
rVT,29,24,N
zQa7,38,32,N
Bel,29,24,C
Fe,21,16,N
2E,21,16,N
Iq,21,16,N
R96,29,24,N
xUXD,38,32,N
9Uj,29,24,N
I5yI,38,32,N
7xa,29,24,N
qyQ,29,24,N
tA,21,16,N
Jt,21,16,N
rl,21,16,N
aaV,29,24,N
mkZW,38,32,N
eAg,29,24,N
kx,21,16,N
Nfc,29,24,N
Utyk,38,32,N
HSkY,38,32,N
zHQx,38,32,N
hv0C,38,32,N
dn7Y,38,32,N
BcSp,38,32,N
QIy,29,24,N
HH,21,16,N
fQ04,38,32,N
wA,21,16,N
dg,21,16,N
6z,21,16,N
VXZ,29,24,N
BC1,29,24,N
le,21,16,N
NXF,29,24,N
ew2,29,24,N
vYoS,38,32,N
qr,21,16,N
m0H3,38,32,N
tiH,29,24,N
Qg,21,16,N
e9Z,29,24,N
uhg,29,24,N
94sK,38,32,N
4DI,29,24,N
c2k,29,24,N
JT,21,16,N
qcR2,38,32,C
TNN,29,24,N
q2C,29,24,N
pc,21,16,N
elLr,38,32,N
f7k,29,24,N
UVP,29,24,N
F4i,29,24,N
9KM,29,24,N
7g,21,16,N
HL,21,16,N
itl7,38,32,N
TlaI,38,32,N
1C,21,16,N
iIV1,38,32,N
rYAh,38,32,N
4Z1,29,24,N
2ejK,38,32,N
GN7J,38,32,N
DbX,29,24,N
rn0,29,24,N
sQ,21,16,N
l5ez,38,32,N
Or5,29,24,N
qxnv,38,32,N
cBd,29,24,N
UrL,29,24,N
VSim,38,32,N
ON,21,16,N
Wv,21,16,N
8v,21,16,N
1srW,38,32,N
Aax,29,24,N
JnmX,38,32,N
oGph,38,32,N
AN,21,16,N
B0Jx,38,32,N
gv,21,16,N
r6,21,16,N
xF,21,16,N
kS,21,16,N
I7f,29,24,N
hCi,29,24,N
7s,21,16,N
lLL,29,24,N
d6,21,16,N
4WX,29,24,N
77,21,16,N
YIi7,38,32,N
MR,21,16,N
F4,21,16,N
xeK,29,24,N
q3,21,16,N
BNs,29,24,N
iR9q,38,32,N
2jgK,38,32,N
gOn,29,24,N
Ihr,29,24,N
mC,21,16,N
3UR,29,24,C
6DFo,38,32,N
Ks,21,16,N
Ugb,29,24,N
Yg,21,16,N
BVeE,38,32,N
bFP,29,24,N
pN,21,16,N
uAr1,38,32,N
Xd,21,16,N
bxhL,38,32,N
xUwm,38,32,N
SYrX,38,32,N
rc19,38,32,N
ABf,29,24,N
DtX,29,24,N
b5B,29,24,C
4A,21,16,N
9Q0r,38,32,N
uy5r,38,32,N
Ygpw,38,32,N
E4,21,16,N
1T,21,16,N
fi9,29,24,C
j5U,29,24,N
YyA,29,24,N
O9,21,16,N
cx8Y,38,32,N
41Nf,38,32,N
n0ah,38,32,N
Kkm,29,24,N
rQO,29,24,N
Jkni,38,32,N
S7wL,38,32,N
OL,21,16,N
2Qi,29,24,N
8a,21,16,N
dPY,29,24,N
7BHL,38,32,N
i1Z0,38,32,N
VG,21,16,N
n9,21,16,N
qu,21,16,N
dlA,29,24,N
Nf,21,16,N
15Nl,38,32,N
qd,21,16,N
4r,21,16,N
3qqM,38,32,N
ztb,29,24,N
kmCk,38,32,N
Df,21,16,N
H1,21,16,N
DxEX,38,32,N
v0,21,16,N
Vci,29,24,N
gqI,29,24,N
SgUv,38,32,N
3JX,29,24,N
DWB,29,24,N
lP4,29,24,N
elSp,38,32,N
p3,21,16,N
ZIao,38,32,N
FE,21,16,N
ACi,29,24,N
CL,21,16,N
Eh,21,16,N
Odb8,38,32,N
b6w,29,24,N
zhbr,38,32,N
gxAO,38,32,N
bi,21,16,N
fJz,29,24,N
hujj,38,32,N
V5p,29,24,N
Zs,21,16,N
UuKg,38,32,N
ePVG,38,32,N
2R1q,38,32,N
gce,29,24,N
Z4,21,16,N
hx,21,16,N
95V,29,24,N
YgO,29,24,N
dc,21,16,N
dKaq,38,32,N
HR,21,16,N
09,21,16,N
uq,21,16,N
Gr,21,16,N
px2,29,24,N
Ebp,29,24,N
nF,21,16,N
Fb2s,38,32,N
Yml,29,24,N
no,21,16,N
Hv9,29,24,N
gNt,29,24,N
Yt5,29,24,N
EY,21,16,N
gLVZ,38,32,N
pUpR,38,32,N
UQj,29,24,N
zM1z,38,32,N
BR,21,16,N
dB7,29,24,N
I1C,29,24,N
hF,21,16,N
6qc,29,24,N
mv4O,38,32,N
Wa,21,16,N
kPV,29,24,N
Uf,21,16,N
Kkx,29,24,N
Dy,21,16,N
N5,21,16,C
7jNR,38,32,N
vA,21,16,N
jKn,29,24,N
PN,21,16,N
2n,21,16,N
zMb,29,24,N
7E,21,16,N
9G,21,16,N
uiT,29,24,N
wgZj,38,32,N
g8u8,38,32,N
LF,21,16,N
pdR,29,24,N
hC,21,16,N
t1,21,16,N
362,29,24,N
80,21,16,N
QQax,38,32,N
K5mW,38,32,N
cw,21,16,N
k3,21,16,N
3q,21,16,N
BZ0,29,24,N
PB,21,16,N
p2t,29,24,N
isZ,29,24,N
2D1,29,24,N
0UjV,38,32,N
B1,21,16,N
VISG,38,32,N
gbBR,38,32,N
7h,21,16,N
zW,21,16,N
Xqm,29,24,N
Tve,29,24,N
6Ve,29,24,C
Uf,21,16,N
fRFK,38,32,N
8C,21,16,N
hxFc,38,32,N
g0ba,38,32,N
bnU,29,24,N
GTJ,29,24,N
U6,21,16,N
RJI4,38,32,N
yl,21,16,N
fum,29,24,N
drxx,38,32,N
BG,21,16,N
Lhh,29,24,N
phY,29,24,N
wl1,29,24,N
oYko,38,32,N
n0,21,16,N
zpO,29,24,N
SZe,29,24,N
CxQ,29,24,N
vzX,29,24,N
ECK4,38,32,N
2XVi,38,32,N
1Z,21,16,N
SQ,21,16,N
Pjye,38,32,N
wJA,29,24,C
gN2,29,24,N
Ff,21,16,N
Haa,29,24,N
c3x,29,24,N
bl9,29,24,N
CBS,29,24,N
Qr,21,16,N
MWf,29,24,N
H0AS,38,32,N
l8,21,16,N
M0,21,16,N
Dm,21,16,N
VJm,29,24,N
Sh,21,16,N
fU,21,16,N
jB,21,16,N
lfl2,38,32,N
UAam,38,32,N
pt,21,16,N
y8,21,16,N
bd,21,16,N
mo,21,16,N
ed,21,16,N
pRrs,38,32,N
h6,21,16,N
AP4z,38,32,N
KXLA,38,32,C
izaM,38,32,N
9pl,29,24,N
TBi3,38,32,N
6P,21,16,N
rD1,29,24,N
nV9e,38,32,N
1CM,29,24,N
fGl,29,24,N
NLZ,29,24,N
PH,21,16,N
FOl,29,24,N
7sX,29,24,N
63v,29,24,N
YN,21,16,N
x1kV,38,32,N
Yd,21,16,N
czzO,38,32,N
Bwk,29,24,N
g2,21,16,N
daCE,38,32,N
dV,21,16,N
vhcG,38,32,N
aXAF,38,32,N
sOhX,38,32,C
1u8,29,24,N
SWGq,38,32,N
IH,21,16,N
VOKe,38,32,N
0V,21,16,N
5U,21,16,N
U7,21,16,N
kctG,38,32,N
3b,21,16,N
88,21,16,N
DIz,29,24,N
ad,21,16,N
lhDL,38,32,N
wD,21,16,N
wU,21,16,N
yu,21,16,N
0VHp,38,32,N
Nfm,29,24,N
IA,21,16,N
5s3F,38,32,N
wn,21,16,C
75m1,38,32,N
imSo,38,32,N
Jn,21,16,N
56,21,16,N
3gt,29,24,N
SS,21,16,N
VRx,29,24,N
ws,21,16,N
YvBx,38,32,C
Cl,21,16,N
A1i,29,24,N
362Q,38,32,N
cU,21,16,N
26,21,16,N
GLz,29,24,N
ZS4,29,24,N
LON,29,24,N
npX,29,24,N
3YdC,38,32,N
xI5,29,24,N
F5r0,38,32,C
wj,21,16,N
gi,21,16,N
iC7H,38,32,N
wh,21,16,C
4V,21,16,N
5Uh,29,24,N
ECb,29,24,N
kCx,29,24,N
n7,21,16,N
xk,21,16,N
AiMw,38,32,N
r0,21,16,N
3QLZ,38,32,N
BKl,29,24,N
3tE9,38,32,N
faO,29,24,N
mv,21,16,N
Bqy,29,24,N
HD67,38,32,N
keY,29,24,N
Co2,29,24,N
eR4,29,24,N
24P4,38,32,N
Y3,21,16,N
cpD4,38,32,N
QsN,29,24,N
e9,21,16,N
ZzKU,38,32,N
0lh,29,24,N
le,21,16,N
Ezc,29,24,N
Vfrj,38,32,N
CXdS,38,32,N
JX,21,16,N
x7Z,29,24,N
iC,21,16,N
rnt7,38,32,N
Du,21,16,N
nS4T,38,32,N
T53r,38,32,N
01,21,16,N
oR8H,38,32,N
9Q,21,16,N
bT6Y,38,32,N
RRiF,38,32,N
ncp,29,24,C
c6KL,38,32,N
n9,21,16,N
YdQ,29,24,N
IEm,29,24,N
ZS,21,16,N
d0,21,16,N
dm,21,16,N
yGQp,38,32,N
4cLX,38,32,N
nje,29,24,N
KPwy,38,32,N
rn1p,38,32,N
5N,21,16,N
GE,21,16,N
B5,21,16,N
Fr4R,38,32,N
SZQs,38,32,N
A7,21,16,N
MVx,29,24,N
9C,21,16,N
sK3,29,24,N
OAC,29,24,N
iJV,29,24,N
4y,21,16,N
tn,21,16,N
jbrD,38,32,N
J4,21,16,N
Yt,21,16,N
uuO,29,24,N
Xa,21,16,N
FiBN,38,32,N
taaD,38,32,N
BCdi,38,32,N
Aeh,29,24,N
j4,21,16,N
Zq,21,16,N
rzqL,38,32,N
Cp,21,16,N
Dlue,38,32,N
JeBq,38,32,N
Xa,21,16,N
g6,21,16,N
Pm,21,16,N
6sb,29,24,N
z5JG,38,32,N
E8,21,16,N
GXlx,38,32,N
YD,21,16,N
bskm,38,32,N
LOEe,38,32,N
enE,29,24,N
h2,21,16,N
FNn,29,24,N
ZP,21,16,N
gY,21,16,N
El,21,16,N
cd,21,16,N
bA,21,16,N
Y0q,29,24,N
oO,21,16,N
bsb,29,24,N
pp,21,16,N
0M,21,16,N
iccF,38,32,N
8FhL,38,32,N
4b,21,16,N
rH,21,16,N
V2r,29,24,N
I3,21,16,N
AMNP,38,32,N
cN1,29,24,N
u5t7,38,32,N
Zx,21,16,N
3Kd,29,24,N
1W,21,16,N
FdO4,38,32,N
77b,29,24,N
Y7,21,16,N
WV,21,16,N
oZeV,38,32,N
O9BP,38,32,N
EzC,29,24,N
Pe,21,16,N
qn4p,38,32,N
lm,21,16,N
57,21,16,N
n3aK,38,32,N
QCF6,38,32,N
4cv,29,24,N
Gy,21,16,N
1XO7,38,32,N
g5,21,16,N
st5e,38,32,N
Xb,21,16,N
X3,21,16,N
3h,21,16,N
UPhZ,38,32,N
Qki,29,24,N
xj,21,16,N
Sb,21,16,N
taRR,38,32,N
9ji,29,24,N
K0D,29,24,N
giPy,38,32,C
3T,21,16,N
qSFg,38,32,N
oiCY,38,32,N
gQ,21,16,N
87F,29,24,N
Fe,21,16,N
DJSI,38,32,N
VwN,29,24,N
bRej,38,32,N
wb,21,16,N
flB,29,24,N
fwXg,38,32,N
lS4,29,24,N
7Mn,29,24,N
D9MA,38,32,N
JRm1,38,32,N
k7,21,16,N
1Ur,29,24,N
rn,21,16,N
V0hI,38,32,N
gH,21,16,N
VOtl,38,32,N
Gv48,38,32,N
bD,21,16,N
24k,29,24,N
zvBl,38,32,N
ZoX,29,24,N
Hf,21,16,N
vx,21,16,N
nyT,29,24,N
FQ,21,16,N
Aqfz,38,32,N
92,21,16,N
Zstl,38,32,N
8pVU,38,32,N
UO2c,38,32,N
QHn,29,24,N
CC,21,16,N
Hk,21,16,N
J0,21,16,N
uCL,29,24,N
YlDq,38,32,N
Ldy,29,24,N
eRh,29,24,N
1ra,29,24,N
zrg,29,24,N
wPK7,38,32,N
iL2c,38,32,N
1qT,29,24,N
ljk,29,24,N
GEe,29,24,N
d4am,38,32,N
weT,29,24,N
Am,21,16,N
LxW,29,24,N
0M5,29,24,N
MLp,29,24,N
si,21,16,N
Xl5G,38,32,N
l3,21,16,N
3E,21,16,N
ZZ,21,16,N
f5p,29,24,N
QFKq,38,32,N
jbCx,38,32,N
IQtr,38,32,N
09,21,16,N
IfI,29,24,N
gqW,29,24,N
j3,21,16,N
2vj,29,24,N
iXs,29,24,N
6lAy,38,32,N
Zvij,38,32,N
on,21,16,N
I8,21,16,N
LvJb,38,32,N
fQ4,29,24,N
vtm,29,24,N
Br,21,16,N
GiM,29,24,N
65,21,16,N
xVAQ,38,32,N
sRT,29,24,N
43M,29,24,N
P5Q,29,24,N
zlu,29,24,N
rZD,29,24,N
kGkp,38,32,N
9S9Q,38,32,N
HUQq,38,32,N
eSz,29,24,N
sC,21,16,N
DM,21,16,N
yt3,29,24,N
5yZ,29,24,N
D4l,29,24,N
Qdg,29,24,N
NFY6,38,32,N
1oR,29,24,N
KIn,29,24,N
Z5jl,38,32,N
ys,21,16,N
6Ns,29,24,N
9u,21,16,N
8f,21,16,N
DG,21,16,N
sdI,29,24,N
0Au,29,24,N
xpIO,38,32,N
foZM,38,32,N
rk,21,16,N
Lk,21,16,N
e51U,38,32,N
oR,21,16,N
BA,21,16,N
AT,21,16,N
JnSx,38,32,N
6MLL,38,32,N
GQ4n,38,32,N
6B,21,16,N
UA,21,16,N
e5,21,16,N
zk,21,16,N
t77z,38,32,N
JdX,29,24,N
FI,21,16,N
tLgK,38,32,N
UJ,21,16,N
9d,21,16,N
CIl,29,24,N
tIh,29,24,N
lE,21,16,N
Ym,21,16,N
Ecr,29,24,N
8Pi,29,24,N
Jk,21,16,N
bBS4,38,32,N
tLBB,38,32,N
MW,21,16,N
qvFi,38,32,N
PX,21,16,N
CPVH,38,32,N
yfkI,38,32,N
29L6,38,32,N
4Jg,29,24,N
LrQQ,38,32,N
0ME,29,24,C
xnMZ,38,32,N
r4,21,16,N
6I,21,16,N
4hGd,38,32,N
Ve,21,16,N
40,21,16,N
OMp,29,24,N
ZH6,29,24,N
Ll,21,16,N
XHEa,38,32,N
vZn3,38,32,N
cN,21,16,N
KcmT,38,32,N
apa,29,24,N
177,29,24,N
3Dk,29,24,N
zcYT,38,32,N
ua9b,38,32,N
eM,21,16,N
mBQ,29,24,N
9Qul,38,32,N
8GVa,38,32,N
tBJf,38,32,N
VdBp,38,32,N
QtLc,38,32,N
bs1h,38,32,N
ZHMl,38,32,N
UF,21,16,N
2X,21,16,N
Gzzi,38,32,N
aR,21,16,N
osLg,38,32,N
3mVg,38,32,N
S4,21,16,N
Rrd,29,24,N
Rvw5,38,32,N
YM,21,16,N
luW,29,24,N
Bh8q,38,32,N
wT,21,16,N
zK5t,38,32,N
gLkn,38,32,N
y9a,29,24,N
U3,21,16,N
j8Nk,38,32,N
v2LJ,38,32,N
ybn,29,24,N
HZ,21,16,N
7lAP,38,32,N
3mPb,38,32,C
Mr,21,16,N
QQ,21,16,N
sQHO,38,32,N
J919,38,32,N
BDL,29,24,N
iCY,29,24,N
YjL,29,24,N
KEE6,38,32,N
xf,21,16,N
RDoD,38,32,N
we,21,16,N
DJQ,29,24,N
VbJr,38,32,N
chSO,38,32,N
wA,21,16,N
pDY,29,24,N
aA,21,16,N
GtSD,38,32,N
zM,21,16,N
FG,21,16,N
WI2,29,24,N
AUs,29,24,N
QT,21,16,N
Vx8,29,24,N
zDbh,38,32,N
tG,21,16,N
SMU,29,24,N
Go1,29,24,N
g4,21,16,N
oppC,38,32,N
R9B6,38,32,N
hnJ,29,24,N
3g,21,16,N
Gbc,29,24,N
Y5o,29,24,N
Bd2p,38,32,N
kpV1,38,32,N
pi,21,16,N
s9p,29,24,N
0z,21,16,N
qQV,29,24,N
fIWu,38,32,N
ZzY,29,24,N
hoN,29,24,N
yYzi,38,32,N
YoeO,38,32,N
lp,21,16,N
SU2Q,38,32,N
MU,21,16,N
BPC,29,24,N
Xumh,38,32,N
oU7,29,24,N
p5Jl,38,32,N
Mj,21,16,N
hTk,29,24,N
fLyu,38,32,N
5SWG,38,32,N
OAd1,38,32,N
gJ31,38,32,N
1T2,29,24,N
Lr6t,38,32,N
3JxS,38,32,N
E28j,38,32,N
f4,21,16,N
r5L,29,24,N
xt,21,16,N
po,21,16,N
MplM,38,32,N
zML,29,24,N
2hrk,38,32,N
0TO2,38,32,N
6Ws,29,24,N
x36,29,24,N
PL0,29,24,N
N4,21,16,N
yzhs,38,32,N
VPS,29,24,N
d2k,29,24,N
Hkrc,38,32,N
ftIL,38,32,N
y5,21,16,N
5N,21,16,N
O3rb,38,32,N
ZDmq,38,32,N
1MZ,29,24,N
2Dpn,38,32,N
QQ3,29,24,N
4rc,29,24,N
0The,38,32,N
rBx,29,24,N
OG,21,16,N
9HG,29,24,N
KChy,38,32,N
1Am,29,24,N
C1,21,16,N
dYIX,38,32,N
NY,21,16,N
Zjg,29,24,N
WG,21,16,N
iY2,29,24,N
40k,29,24,N
yfVW,38,32,N
NJYJ,38,32,N
H7Bg,38,32,N
aBUd,38,32,N
t1P,29,24,N
uki,29,24,N
Hp,21,16,N
Wu,21,16,N
kJy,29,24,N
DpGH,38,32,N
hWCt,38,32,N
R8d9,38,32,N
EAN,29,24,N
139S,38,32,N
dl,21,16,N
Nr,21,16,N
Jno,29,24,N
bL,21,16,C
kg,21,16,N
mymH,38,32,N
1b,21,16,N
mUa,29,24,N
9in,29,24,N
dKS,29,24,N
2JkY,38,32,N
h04Z,38,32,N
h41,29,24,C
zgO,29,24,N
Qz,21,16,N
hQ,21,16,N
q6o,29,24,N
kq,21,16,N
oVL3,38,32,N
HY5,29,24,N
sTX,29,24,C
YM,21,16,N
31Ob,38,32,N
NRgd,38,32,N
yGO1,38,32,N
sWz,29,24,N
Ws9n,38,32,N
3F8,29,24,N
M4,21,16,N
6D,21,16,N
Qodu,38,32,N
frn,29,24,N
zm,21,16,N
GW4s,38,32,N
Fj,21,16,N
vR,21,16,N
7UA9,38,32,N
Dl,21,16,N
UvB,29,24,N
pqH9,38,32,N
Ge1,29,24,N
NeW,29,24,N
XJj4,38,32,N
sx,21,16,N
zs1,29,24,N
M9,21,16,N
wz,21,16,N
Sr,21,16,N
akD,29,24,N
CGPP,38,32,N
NkC,29,24,N
g2hM,38,32,N
cyj,29,24,N
oq6b,38,32,N
E2hU,38,32,N
8U4g,38,32,N
poG0,38,32,N
gsG,29,24,N
CzlP,38,32,N
X19w,38,32,N
w40I,38,32,N
HPl2,38,32,N
Tk,21,16,N
cQr,29,24,N
qyqx,38,32,N
klC,29,24,N
XSY,29,24,N
Nm3i,38,32,N
2zYp,38,32,N
89,21,16,N
i4Zo,38,32,N
5YF,29,24,N
Q6,21,16,C
yTR,29,24,N
i1pZ,38,32,N
BseE,38,32,N
ncKA,38,32,N
3VD,29,24,N
GVLu,38,32,N
z0ec,38,32,N
Rk,21,16,N
6B,21,16,N
LeZW,38,32,N
x9h,29,24,N
e8A,29,24,N
fkSY,38,32,N
nOlr,38,32,N
j2S,29,24,N
AhB,29,24,N
h4Qv,38,32,N
6au9,38,32,N
EsSj,38,32,N
zx,21,16,N
SEvG,38,32,N
gwp,29,24,N
mekA,38,32,N
rfN,29,24,N
o12u,38,32,N
1E,21,16,N
EM,21,16,N
tlH,29,24,N
L3jG,38,32,N
O7e,29,24,N
td,21,16,N
kBQV,38,32,N
ZeG,29,24,N
uorg,38,32,N
Gdc,29,24,N
NlzQ,38,32,N
GpA,29,24,N
5E,21,16,N
zmb,29,24,N
ynM,29,24,N
o6,21,16,N
Xl,21,16,N
30,21,16,N
BfRI,38,32,N
N2,21,16,N
ISP,29,24,N
4a62,38,32,N
Wy,21,16,N
Qta6,38,32,N
qO,21,16,N
no,21,16,N
RjZ4,38,32,N
0WbE,38,32,N
19B,29,24,N
df,21,16,N
05,21,16,N
zOch,38,32,N
yV,21,16,N
ed,21,16,N
sP,21,16,N
kgu,29,24,N
8x2j,38,32,N
rGTS,38,32,N
h0W,29,24,N
2u,21,16,N
hyA,29,24,N
kbVx,38,32,N
lOb,29,24,N
LBnX,38,32,N
6pOn,38,32,N
lv,21,16,N
wRm,29,24,N
FM,21,16,N
5n,21,16,N
0P,21,16,N
mIQ,29,24,N
Plr4,38,32,N
bpQ,29,24,N
cT5j,38,32,N
p75,29,24,N
3Se,29,24,N
tE,21,16,N
NS,21,16,N
cg,21,16,N
qIbe,38,32,N
ke4F,38,32,N
ay,21,16,N
Imkg,38,32,N
f2jM,38,32,N
F7Dh,38,32,N
AzQ,29,24,N
Vz1,29,24,N
FNJi,38,32,N
TSp,29,24,N
oir4,38,32,N
924,29,24,N
hbKx,38,32,N
zW8,29,24,N
uePo,38,32,N
wA4,29,24,N
MS5J,38,32,N
MpQv,38,32,N
tz,21,16,N
tEQ,29,24,N
4KYc,38,32,N
eb,21,16,N
7t0n,38,32,N
edVp,38,32,N
giDi,38,32,N
5DLX,38,32,N
9Et,29,24,N
EKh,29,24,N
y4A,29,24,N
dI,21,16,N
5Sd,29,24,N
uUH,29,24,N
Sa,21,16,N
yVUW,38,32,N
C0Ht,38,32,N
x0,21,16,N
IPeW,38,32,N
O8,21,16,N
Yo,21,16,N
Os,21,16,N
T6,21,16,N
MJ,21,16,N
PYEE,38,32,N
cTF,29,24,N
AWu,29,24,N
DxQ,29,24,N
He,21,16,N
8fC,29,24,N
1eAL,38,32,N
ra,21,16,N
nu,21,16,N
vE,21,16,N
Qa,21,16,N
0D,21,16,N
tqh,29,24,N
z9b,29,24,N
lN,21,16,N
am20,38,32,N
uTSR,38,32,N
Ayp,29,24,N
YLM,29,24,N
qxg,29,24,C
lx,21,16,N
B6,21,16,N
Q6gR,38,32,N
46o,29,24,N
AN,21,16,N
k4sF,38,32,N
oSF,29,24,N
Y739,38,32,N
ngiS,38,32,N
5EB2,38,32,N
9Rb0,38,32,N
78r,29,24,N
c4A1,38,32,N
GDF,29,24,N
7W9C,38,32,N
nyL5,38,32,N
Tc5,29,24,N
NKP,29,24,N
Bg,21,16,N
lD,21,16,N
sp,21,16,N
3d,21,16,N
IT,21,16,N
DhfM,38,32,N
mnC,29,24,N
kIxq,38,32,N
OnkA,38,32,N
4fYf,38,32,N
cvkK,38,32,N
jn2,29,24,N
2mGY,38,32,C
yQ,21,16,N
Ce,21,16,N
bqb,29,24,N
xUcW,38,32,N
ySl,29,24,N
Ea7,29,24,N
pZHI,38,32,N
Xos,29,24,N
3dit,38,32,N
qn,21,16,N
8Iy,29,24,N
uPJ,29,24,N
l1,21,16,N
R22,29,24,N
9iI,29,24,N
edMx,38,32,N
OvJs,38,32,N
lvaa,38,32,N
0x7,29,24,N
n6v,29,24,N
CPhe,38,32,N
yx,21,16,N
CnRe,38,32,N
3Xh,29,24,N
tZf,29,24,N
Js3h,38,32,N
wv,21,16,N
icP,29,24,N
nVF,29,24,N
Ui,21,16,N
SMI,29,24,N
jMN7,38,32,N
Hld,29,24,N
xn,21,16,N
Y7yB,38,32,N
MHU,29,24,N
cwFx,38,32,N
rqid,38,32,N
b5k,29,24,N
W5,21,16,N
VjK,29,24,N
sQ5,29,24,N
NIs,29,24,N
zd,21,16,N
iXId,38,32,N
Zg,21,16,N
8PaZ,38,32,N
iP,21,16,N
YXvx,38,32,N
e25X,38,32,N
Poa,29,24,N
n31S,38,32,N
iQyX,38,32,N
jTV,29,24,N
Lm,21,16,N
4Fm,29,24,N
6N,21,16,N
HgJ,29,24,N
mAjh,38,32,N
EtiL,38,32,N
Q631,38,32,N
Oj,21,16,N
4Ca,29,24,N
i3FR,38,32,N
hjC,29,24,N
BrkT,38,32,N
7k1Z,38,32,N
CnR,29,24,N
sB,21,16,N
Mr,21,16,N
dp5X,38,32,N
ZPF,29,24,N
n1oz,38,32,N
GsXI,38,32,N
4m,21,16,N
LSeC,38,32,N
z4g,29,24,N
Tt,21,16,N
Fkex,38,32,N
oSoC,38,32,N
z1pQ,38,32,N
QL,21,16,N
zv0,29,24,N
IuVr,38,32,N
rNx,29,24,N
qb,21,16,N
Ntz,29,24,N
fdS,29,24,N
GPcX,38,32,N
eUpu,38,32,N
a1rF,38,32,N
61g,29,24,N
5RQ,29,24,N
Yg,21,16,N
58X,29,24,N
LYb,29,24,N
lgf,29,24,N
79g,29,24,C
15r2,38,32,N
OKe,29,24,N
pj,21,16,N
7SN,29,24,N
IJ,21,16,N
uVQH,38,32,N
qY,21,16,N
91i,29,24,N
Oer,29,24,N
5i,21,16,N
e3,21,16,C
GIq,29,24,N
Ih,21,16,N
TYm,29,24,N
TaY,29,24,N
89,21,16,N
48,21,16,N
oe4,29,24,N
VDS5,38,32,N
SlG,29,24,N
hIo,29,24,N
MkHX,38,32,N
6nmb,38,32,N
6H,21,16,N
x2V,29,24,N
bn,21,16,N
XKv,29,24,N
jpq,29,24,N
y9R,29,24,N
sou,29,24,N
QHA,29,24,N
Z0NH,38,32,N
0ZSU,38,32,N
3H,21,16,N
Rv,21,16,N
Iidd,38,32,N
rFW,29,24,N
mv,21,16,N
h4,21,16,N
pc,21,16,N
TQbr,38,32,N
ZSZ,29,24,N
A3L,29,24,N
rS,21,16,N
Jj,21,16,N
83SV,38,32,N
WtP3,38,32,N
ANg9,38,32,N
oH,21,16,N
Vf,21,16,N
oqr,29,24,N
h8,21,16,N
1O,21,16,N
La,21,16,N
uzEL,38,32,N
pfE1,38,32,C
mT,21,16,C
wPJ,29,24,N
HZo9,38,32,N
oGt,29,24,N
kc,21,16,N
s3A,29,24,C
Fs,21,16,N
Ai5Y,38,32,N
B7,21,16,N
yJ,21,16,N
oj,21,16,N
qt,21,16,N
ra,21,16,N
Ya,21,16,N
H5,21,16,N
gX,21,16,N
xZ,21,16,N
wbXl,38,32,N
52OH,38,32,N
WVi,29,24,N
idy,29,24,N
nSXI,38,32,N
2z,21,16,N
L7GJ,38,32,N
jB,21,16,N
Qu,21,16,N
Uns,29,24,N
o9Jc,38,32,N
Vql4,38,32,N
3f,21,16,N
0R,21,16,N
fBV,29,24,N
vF,21,16,N
5a,21,16,N
fv2M,38,32,N
Vu7x,38,32,N
mfw1,38,32,N
qzWl,38,32,N
nE3,29,24,N
wRN,29,24,N
fhK,29,24,N
7tJ,29,24,N
uJ,21,16,N
Ex3M,38,32,C
GATT,38,32,N
TB,21,16,N
zbq,29,24,N
jFEW,38,32,N
nt,21,16,N
vNG,29,24,N
XMl,29,24,N
yZ,21,16,N
VTlX,38,32,N
CaBg,38,32,N
nz,21,16,N
Hl5b,38,32,N
Es3M,38,32,N
ThHf,38,32,N
9w,21,16,N
Ugm9,38,32,N
of,21,16,N
hzni,38,32,N
SAn,29,24,N
eR,21,16,N
o1U,29,24,N
ua,21,16,N
QN,21,16,N
jMH,29,24,N
3vWB,38,32,N
Tqi,29,24,N
lO9c,38,32,N
zC,21,16,N
2f2,29,24,N
9v,21,16,N
Koi,29,24,N
sJcN,38,32,N
64z,29,24,N
KsUK,38,32,N
iF,21,16,N
vveJ,38,32,N
So9,29,24,N
ia3,29,24,N
PWK,29,24,N
GT5,29,24,N
08J,29,24,N
yZzG,38,32,N
eWZ,29,24,N
QC,21,16,N
nB,21,16,C
szWp,38,32,N
EVkw,38,32,N
AlqO,38,32,N
fOj,29,24,N
9l5,29,24,N
BOg,29,24,N
Dqm8,38,32,N
f6cG,38,32,N
uWll,38,32,N
bqQ2,38,32,N
vg5,29,24,N
WsyY,38,32,C
FA,21,16,N
Qm,21,16,N
j2j,29,24,N
q0f,29,24,N
DC,21,16,N
Vp,21,16,N
LL,21,16,N
KJb,29,24,N
GY,21,16,N
IL,21,16,N
zEco,38,32,N
tf,21,16,N
PM9h,38,32,N
BM62,38,32,N
tP,21,16,N
LI,21,16,N
Q49,29,24,N
Isg,29,24,N
wqQY,38,32,N
RbWq,38,32,N
px,21,16,N
kF2k,38,32,N
27,21,16,N
d9,21,16,N
EW1,29,24,N
wLGg,38,32,C
ThRF,38,32,N
5RV,29,24,N
VRER,38,32,N
hnT,29,24,N
Uho,29,24,N
ixm,29,24,N
OAEq,38,32,N
trA,29,24,N
PrZ,29,24,N
ACb,29,24,N
Ac,21,16,N
9H,21,16,N
M3M1,38,32,N
RFQ0,38,32,N
5R0O,38,32,N
30n,29,24,N
Dn,21,16,N
RhWN,38,32,N
kdi9,38,32,N
bu,21,16,N
3S,21,16,N
LF7E,38,32,N
NRSW,38,32,C
sRt,29,24,N
rm,21,16,N
Vb,21,16,N
AI,21,16,N
bQ,21,16,N
GKy,29,24,N
b3K,29,24,N
I5uZ,38,32,N
XOzP,38,32,N
AFd2,38,32,N
cSj,29,24,N
oG,21,16,N
oA5,29,24,N
gS,21,16,N
aBeE,38,32,N
Ri7o,38,32,N
IR,21,16,N
kJWt,38,32,N
0Q5,29,24,N
mYM,29,24,C
rCv,29,24,N
vXZ,29,24,N
TqAc,38,32,N
1GMa,38,32,N
DS,21,16,N
kRRL,38,32,N
eY,21,16,N
yDWA,38,32,N
dUz,29,24,N
4gfN,38,32,N
bir1,38,32,N
schc,38,32,N
ok,21,16,N
OG,21,16,N
HPTA,38,32,N
mp,21,16,N
GBm,29,24,N
p5,21,16,N
7ulv,38,32,N
I1L,29,24,N
85,21,16,N
hX,21,16,N
C2y,29,24,N
vdO6,38,32,N
zZb,29,24,N
Aw0,29,24,N
DpG,29,24,N
fJ7,29,24,N
SYR,29,24,N
2yw8,38,32,N
Tf,21,16,N
j29F,38,32,N
ULuG,38,32,N
Wq,21,16,N
fx,21,16,N
WlY,29,24,N
miyK,38,32,N
9jC,29,24,N
Pgs,29,24,C
MF,21,16,N
QF,21,16,N
6s,21,16,N
Qi,21,16,N
MM,21,16,N
CPK,29,24,N
XnR,29,24,N
w8Rx,38,32,N
Jg8,29,24,N
IvtM,38,32,C
Me,21,16,N
76ov,38,32,N
JbPL,38,32,N
89,21,16,N
qd,21,16,N
TNP,29,24,N
1xQ,29,24,N
64M,29,24,N
6GZ,29,24,N
2AE,29,24,N
pCBY,38,32,N
FQ6,29,24,N
MW2y,38,32,N
pj,21,16,N
Yrx3,38,32,N
Np,21,16,N
JJ,21,16,N
qC,21,16,N
NVCe,38,32,N
tXkE,38,32,N
lt,21,16,N
XGPE,38,32,N
VGQp,38,32,N
1XUW,38,32,N
Tz,21,16,N
5H,21,16,N
Tc,21,16,N
VS7,29,24,N
WAc,29,24,N
j1,21,16,N
NJ,21,16,N
B7,21,16,N
rY5,29,24,N
tU,21,16,N
Jv,21,16,N
WrH,29,24,N
Owf,29,24,N
51b7,38,32,N
W0o,29,24,N
Y4,21,16,N
i6,21,16,N
eV,21,16,N
mDsz,38,32,C
Cp,21,16,N
si,21,16,N
3FV,29,24,N
rF0l,38,32,C
WHl,29,24,N
8pKZ,38,32,N
0cQ,29,24,N
8K,21,16,N
pb,21,16,N
TAq7,38,32,N
ho,21,16,N
kJp,29,24,N
ZA,21,16,N
6RG,29,24,N
6S,21,16,N
nT,21,16,N
kL,21,16,N
F8,21,16,N
8jAo,38,32,N
N353,38,32,N
Pgg,29,24,N
iiB,29,24,N
KA,21,16,N
e5,21,16,N
n6E,29,24,N
Ry,21,16,N
gjzw,38,32,N
4p,21,16,N
cYh,29,24,C
AZ,21,16,N
jpYH,38,32,N
4jQ,29,24,N
C4Uq,38,32,C
JRZ,29,24,N
p6G,29,24,N
bJP,29,24,N
st,21,16,N
RXXR,38,32,N
dp,21,16,N
mej,29,24,N
4T,21,16,N
8pJB,38,32,N
Hvc,29,24,N
0fQ,29,24,N
LJr,29,24,N
rci,29,24,N
d4,21,16,N
8vOx,38,32,N
wZ,21,16,N
bEYd,38,32,N
BQ6q,38,32,N
Jz,21,16,N
MRC,29,24,N
8bO,29,24,N
A2Z,29,24,N
Okea,38,32,N
Of,21,16,N
fPz,29,24,C
3Z,21,16,N
kj,21,16,C
rJE,29,24,N
xxN,29,24,N
y853,38,32,N
D2,21,16,N
70,21,16,N
cls8,38,32,C
2oF,29,24,N
a1I,29,24,N
5YQO,38,32,N
Nr7,29,24,N
b8V8,38,32,N
aH,21,16,N
U0G,29,24,N
CBBz,38,32,C
ou,21,16,N
Ktn,29,24,N
TZ,21,16,N
3kDw,38,32,N
oX,21,16,N
dI,21,16,N
wz,21,16,N
5e4,29,24,N
bC,21,16,N
tS7,29,24,N
7Qp8,38,32,N
Di,21,16,N
MBzL,38,32,N
HdB,29,24,N
O7,21,16,N
PR,21,16,N
Md,21,16,N
rDqS,38,32,N
nZb3,38,32,N
n9,21,16,N
fgn,29,24,C
Vl,21,16,N
FY,21,16,N
r1q,29,24,N
yK3,29,24,N
zL,21,16,N
7OUp,38,32,N
Dn,21,16,N
Vz,21,16,N
74g,29,24,N
wm,21,16,N
tb,21,16,N
UHt2,38,32,N
0c,21,16,N
mhMD,38,32,N
BmN,29,24,N
L5Kf,38,32,N
am,21,16,N
Q2WO,38,32,N
vTS,29,24,N
M3uU,38,32,N
bquP,38,32,N
nr,21,16,N
Metu,38,32,C
b6,21,16,N
X3M,29,24,N
Bqm,29,24,N
al,21,16,N
DBWS,38,32,N
WbbK,38,32,N
fVmS,38,32,N
8Z,21,16,N
CU,21,16,N
5a,21,16,N
Ks,21,16,C
da2,29,24,N
BMHy,38,32,N
86,21,16,N
2OP,29,24,N
raq,29,24,N
73,21,16,N
dp,21,16,N
PNZ,29,24,N
vT,21,16,N
GS,21,16,N
3a,21,16,N
rg,21,16,N
eX,21,16,N
rZQ,29,24,N
RYFq,38,32,N
g7Y,29,24,N
mX,21,16,N
BV,21,16,N
EP2,29,24,N
4WUJ,38,32,N
ve,21,16,N
Pi,21,16,N
q7,21,16,N
WKk,29,24,N
gvo,29,24,N
xnb,29,24,N
RZu,29,24,C
as,21,16,N
H7,21,16,N
o9GC,38,32,N
y6,21,16,N
ilo,29,24,N
wI,21,16,N
ViF,29,24,N
Wk,21,16,N
Fm,21,16,N
1uqk,38,32,N
TPSd,38,32,N
fY,21,16,N
E1L,29,24,N
itLd,38,32,C
xb,21,16,N
0me,29,24,N
CBG,29,24,N
RYT,29,24,N
9m,21,16,N
Kd,21,16,N
O3qo,38,32,N
9hoq,38,32,N
kP,21,16,N
Vz,21,16,N
Zar,29,24,N
ot,21,16,N
7Xo,29,24,N
Oh,21,16,N
Ss,21,16,N
yW,21,16,N
Lhe,29,24,N
Nxq,29,24,N
E6,21,16,N
hs,21,16,N
Ud,21,16,N
b3,21,16,N
rOhU,38,32,N
M5WP,38,32,N
fqs,29,24,N
3E,21,16,N
0zlr,38,32,N
RpCp,38,32,N
Cn,21,16,N
Zn,21,16,N
5Iu,29,24,N
nKc,29,24,N
FV,21,16,N
18PZ,38,32,N
i3N,29,24,C
OE,21,16,N
LP,21,16,N
mg,21,16,N
et,21,16,N
KO8H,38,32,N
2f6i,38,32,C
sJ,21,16,N
FdZh,38,32,N
XU,21,16,N
uO4S,38,32,N
qN,21,16,N
rqE,29,24,N
Uv8r,38,32,N
81s,29,24,N
yRb,29,24,N
th,21,16,N
A22U,38,32,N
xu,21,16,N
axB,29,24,N
RS,21,16,N
yOWk,38,32,N
RI,21,16,N
UFZq,38,32,N
Ti0,29,24,N
kM,21,16,N
PP1,29,24,N
7ev,29,24,N
4T3,29,24,N
0n,21,16,N
OyVA,38,32,N
a4,21,16,N
l1s,29,24,N
JfbS,38,32,N
Gns,29,24,N
wpWT,38,32,N
Nm0H,38,32,N
uU8,29,24,N
Br,21,16,N
DLE,29,24,N
RuHi,38,32,N
8s,21,16,N
lp,21,16,N
WsQ,29,24,N
8OMH,38,32,N
GoE,29,24,N
2B,21,16,N
z2,21,16,N
oAr,29,24,N
QOtB,38,32,N
Qz,21,16,N
fBrc,38,32,N
kv,21,16,N
AmL,29,24,N
YD08,38,32,N
5L,21,16,N
LZs,29,24,C
DS,21,16,N
Nq,21,16,N
oI,21,16,N
MM2,29,24,N
dJ,21,16,N
6OMy,38,32,N
a0Fz,38,32,N
ah,21,16,N
tyUp,38,32,N
etF,29,24,N
Esa,29,24,N
iG,21,16,N
mLJp,38,32,N
9l,21,16,N
SR,21,16,N
KvTN,38,32,N
Jd,21,16,N
qX,21,16,N
5Ca,29,24,N
9r,21,16,N
eB,21,16,N
DKB,29,24,N
7H,21,16,N
9jf,29,24,N
KQeX,38,32,N
Q8,21,16,N
327e,38,32,N
xzca,38,32,N
YffR,38,32,N
V4,21,16,N
eS,21,16,N
SyIX,38,32,N
y1yZ,38,32,N
CTSi,38,32,N
wMi,29,24,N
WL,21,16,N
2sE,29,24,N
AVh3,38,32,N
qOI,29,24,N
litR,38,32,N
FF,21,16,N
uOa,29,24,N
mTcw,38,32,N
Unj,29,24,N
Thhv,38,32,N
cA,21,16,N
oVC,29,24,N
SJ5R,38,32,N
bKR,29,24,N
MqDL,38,32,N
y8og,38,32,N
eum,29,24,N
zPS,29,24,N
ZHv,29,24,N
pY,21,16,N
ZeGi,38,32,N
yd,21,16,N
Rk,21,16,N
UjEN,38,32,N
Kdo,29,24,N
cfUg,38,32,N
TT8,29,24,N
yTa,29,24,N
Wxd,29,24,N
Dd,21,16,N
zg,21,16,N
qqiC,38,32,N
7r0,29,24,N
nZkz,38,32,N
JP,21,16,N
vKdQ,38,32,N
T2ru,38,32,N
Tgd5,38,32,N
8U,21,16,N
DDN,29,24,N
zS,21,16,N
qGDp,38,32,N
MMv5,38,32,N
wtM,29,24,N
QH4O,38,32,N
oW,21,16,N
CVp,29,24,N
MUOj,38,32,N
HZh,29,24,N
CPe,29,24,N
WtN,29,24,N
s9,21,16,N
SDS,29,24,N
ieXq,38,32,N
u8Jf,38,32,N
hAU,29,24,N
wanF,38,32,N
Rdpu,38,32,C
GMM,29,24,N
Vij,29,24,N
rZC,29,24,N
gUfQ,38,32,N
BC,21,16,N
0R,21,16,N
7S1,29,24,N
5g,21,16,N
ETp,29,24,N
wg,21,16,N
mrNe,38,32,N
Q0U,29,24,N
MWrj,38,32,N
zYzn,38,32,N
XH,21,16,N
ekPn,38,32,N
XrOU,38,32,N
tF,21,16,N
KDXw,38,32,N
fQ9,29,24,N
ZKKn,38,32,N
RX,21,16,N
lwBH,38,32,N
GlwV,38,32,N
xb,21,16,N
doQS,38,32,N
hgv,29,24,N
Bl0J,38,32,C
GD,21,16,N
NR5,29,24,C
Oxsl,38,32,N
lP,21,16,N
zog,29,24,N
ABSZ,38,32,N
e9J1,38,32,N
P8,21,16,N
3eRt,38,32,N
e9,21,16,N
LP,21,16,N
Sm,21,16,N
VqZQ,38,32,N
Mol,29,24,N
LL,21,16,N
crs,29,24,N
ZrT,29,24,N
eKO,29,24,N
tWw,29,24,N
22l,29,24,N
Aa,21,16,N
oCh,29,24,N
X1Bs,38,32,N
VC,21,16,N
uAkh,38,32,N
HR,21,16,N
He,21,16,N
SQdP,38,32,N
S2y,29,24,N
Uz,21,16,N
CFS,29,24,N
NDYQ,38,32,N
4JjM,38,32,N
oKyh,38,32,N
XrAS,38,32,N
bgt,29,24,N
sY,21,16,N
1RxC,38,32,N
cVW,29,24,N
WAms,38,32,N
l3X,29,24,N
K7,21,16,N
44B,29,24,N
yf,21,16,N
H4s,29,24,N
gO,21,16,N
PdD,29,24,N
V5Gz,38,32,N
0XC,29,24,N
SWYZ,38,32,N
Bv6O,38,32,N
9PEU,38,32,N
nwEe,38,32,N
10Gh,38,32,N
5A,21,16,N
DFe,29,24,N
Knu,29,24,N
X4hH,38,32,N
9evk,38,32,N
xE,21,16,N
C0,21,16,N
5LI,29,24,N
vzc,29,24,N
92,21,16,N
8o,21,16,N
3rZ,29,24,N
MJ,21,16,N
Qqua,38,32,N
AJ,21,16,N
1vN2,38,32,N
24Pb,38,32,N
sD1B,38,32,N
hi9d,38,32,N
fe,21,16,N
qKe,29,24,N
0E,21,16,N
NbJ,29,24,N
Gvh,29,24,N
jUy,29,24,N
IOp,29,24,N
SY,21,16,N
ZN,21,16,N
SQ,21,16,N
S2iB,38,32,N
KXK,29,24,N
4Y0,29,24,N
3x0,29,24,N
QUOg,38,32,N
pXyn,38,32,N
lb,21,16,N
xV,21,16,N
Te78,38,32,N
5o,21,16,N
CLI0,38,32,N
gRx,29,24,C
YN,21,16,N
1iXr,38,32,N
FX,21,16,N
nJJ,29,24,N
oed,29,24,N
cCo,29,24,N
kbt,29,24,N
XDU0,38,32,N
ok,21,16,N
5SsQ,38,32,N
P6HF,38,32,C
Utm,29,24,N
Cp,21,16,N
gwn,29,24,N
q4,21,16,N
wS,21,16,N
FruX,38,32,N
WRU1,38,32,N
2c,21,16,N
0Il,29,24,N
S7xn,38,32,N
i5,21,16,N
mYnr,38,32,N
12iI,38,32,N
jBF0,38,32,N
3ECk,38,32,N
CS,21,16,N
ok,21,16,N
vL,21,16,N
Eh,21,16,N
gZJu,38,32,N
aIO,29,24,N
zItG,38,32,N
TB8i,38,32,N
TYB,29,24,N
XGjg,38,32,N
1ru,29,24,N
AOLY,38,32,N
AF,21,16,N
iAtL,38,32,N
Q2KD,38,32,N
CC,21,16,C
g948,38,32,N
0Pk,29,24,N
oVsb,38,32,N
2V,21,16,N
tGw,29,24,N
6sUF,38,32,N
q1f,29,24,N
C93,29,24,N
Rv,21,16,N
I540,38,32,N
q9y,29,24,N
xm,21,16,N
y9,21,16,N
VdPC,38,32,N
DCLU,38,32,N
erq,29,24,N
LU,21,16,N
l2n1,38,32,N
nc2H,38,32,N
7O,21,16,N
cj,21,16,N
tO,21,16,N
Pr,21,16,N
44,21,16,N
ZY1,29,24,N
d0k,29,24,N
QTmy,38,32,N
xp,21,16,N
dVH,29,24,N
Bn4,29,24,N
Nb,21,16,N
zS,21,16,N
Ruwl,38,32,N
Wp,21,16,N
tw5,29,24,N
DS3,29,24,N
TNb,29,24,N
Ylpt,38,32,N
Xw,21,16,N
4J,21,16,N
GtFF,38,32,N
Gpd,29,24,N
gPw,29,24,N
r9aD,38,32,N
lG,21,16,N
gjW,29,24,N
hy,21,16,N
IKI,29,24,N
1zQK,38,32,N
z1,21,16,N
c3D,29,24,N
6SBz,38,32,N
6dp0,38,32,N
j7,21,16,N
hX,21,16,N
cl0L,38,32,N
GD9,29,24,N
KbC,29,24,N
EY,21,16,N
hYcP,38,32,N
hiNd,38,32,N
7u,21,16,N
3G,21,16,N
3uzv,38,32,N
KbEF,38,32,N
rePK,38,32,N
IG,21,16,N
na6y,38,32,N
Drd,29,24,N
e6,21,16,N
xWH,29,24,N
px,21,16,N
XCj,29,24,N
pv,21,16,N
tKu,29,24,N
FlHZ,38,32,C
EUg,29,24,N
aQ,21,16,N
BsZ,29,24,N
DVNR,38,32,N
ioF,29,24,N
8gVh,38,32,N
qnF,29,24,N
mxt3,38,32,N
LvoL,38,32,N
0wcs,38,32,N
sTHH,38,32,N
YIu,29,24,N
TH,21,16,C
2oEu,38,32,N
uXt,29,24,N
IK4w,38,32,N
v3P,29,24,N
caf,29,24,N
Jh,21,16,N
xj,21,16,N
fX,21,16,N
nyh,29,24,N
5i,21,16,N
fXfm,38,32,N
jVf,29,24,N
Dd3v,38,32,N
di2f,38,32,N
YOz,29,24,N
kqEm,38,32,N
ZRW,29,24,N
Iuak,38,32,N
9l,21,16,N
U0xO,38,32,N
Ju,21,16,N
JPV,29,24,N
UQM,29,24,N
CB,21,16,N
M9X,29,24,N
osK,29,24,N
53Z,29,24,N
Zl,21,16,N
ch,21,16,N
PV,21,16,N
YCG,29,24,C
fO,21,16,N
1G0,29,24,N
Kt,21,16,N
4dz4,38,32,N
HpJ,29,24,N
SU,21,16,N
Tv,21,16,N
zrSp,38,32,N
Vox9,38,32,N
dl,21,16,N
fo,21,16,N
Iq,21,16,N
KSW,29,24,N
Uk2,29,24,N
LC,21,16,N
7h,21,16,N
N7,21,16,N
1K8x,38,32,N
aVi,29,24,N
7L,21,16,N
oZM9,38,32,N
fn,21,16,N
AYp,29,24,N
OK,21,16,N
oWL,29,24,N
OpA,29,24,N
8rkJ,38,32,N
BAY,29,24,N
k7T,29,24,N
VB,21,16,N
ebK,29,24,N
dy,21,16,C
1bpf,38,32,N
Fse,29,24,N
sR,21,16,N
oU9,29,24,N
ON,21,16,N
gkr5,38,32,N
OZY,29,24,N
LeNg,38,32,N
gN9B,38,32,N
KP0,29,24,N
HQE,29,24,N
oP2i,38,32,N
JF7x,38,32,N
LX,21,16,N
W3,21,16,N
X7J,29,24,N
Yx1,29,24,C
krvd,38,32,N
i9m,29,24,N
97,21,16,N
R87,29,24,N
IQOw,38,32,N
BHHn,38,32,N
iM,21,16,N
jr,21,16,N
vmm,29,24,N
I4J,29,24,N
Pi,21,16,N
hf,21,16,N
E4,21,16,N
Eud,29,24,N
1x3,29,24,N
K0k,29,24,N
IBHt,38,32,N
t4V,29,24,N
be71,38,32,N
nU,21,16,N
qW,21,16,N
8W,21,16,N
3jn,29,24,N
Peu,29,24,N
YVe,29,24,N
rdrK,38,32,N
BKse,38,32,N
IO,21,16,N
KtVp,38,32,N
OsdC,38,32,N
AYUg,38,32,N
TwC,29,24,N
Gy9,29,24,N
jG,21,16,N
dc0q,38,32,N
WZki,38,32,N
i4Pb,38,32,N
8a2i,38,32,N
jJ,21,16,N
7JT,29,24,N
84q,29,24,N
hB2,29,24,N
yrd,29,24,N
rlT,29,24,N
cM,21,16,N
yxJ,29,24,N
1L,21,16,N
eY5,29,24,N
ue,21,16,N
nX6,29,24,N
cjz,29,24,N
wzS,29,24,N
2sGW,38,32,N
Ag,21,16,N
3Q9,29,24,N
Gj,21,16,N
QU,21,16,N
NB,21,16,N
Px,21,16,N
BagV,38,32,N
DtAk,38,32,N
5kZ,29,24,N
Dhlg,38,32,N
bgtG,38,32,N
OiNH,38,32,N
XIzB,38,32,N
X5AK,38,32,N
8EuT,38,32,N
sjQ,29,24,N
v7r,29,24,N
vee,29,24,N
2L,21,16,N
0r,21,16,N
Le,21,16,N
aoz,29,24,N
dgtg,38,32,N
dd,21,16,N
TJ,21,16,N
qd,21,16,N
pHc,29,24,N
D6,21,16,N
YHNI,38,32,N
xm,21,16,N
r4,21,16,N
zDyl,38,32,N
IIpp,38,32,C
31i,29,24,N
9LU,29,24,N
8pGZ,38,32,N
lE,21,16,N
quUh,38,32,N
Vlm,29,24,N
g3d,29,24,N
Opdj,38,32,N
ix,21,16,N
GiS,29,24,N
igyd,38,32,N
4BO,29,24,N
pKX,29,24,N
Dm4d,38,32,N
98,21,16,N
CLl8,38,32,N
aZfH,38,32,N
WEU,29,24,N
zE,21,16,N
CwF,29,24,N
yc,21,16,N
axK,29,24,N
KDvY,38,32,N
Uc0L,38,32,N
U9v,29,24,N
wbm,29,24,N
p9Nf,38,32,N
ist,29,24,N
FIL8,38,32,N
BFK,29,24,N
TEF,29,24,N
Mobk,38,32,N
PiK,29,24,N
hGqy,38,32,N
PT,21,16,N
St,21,16,N
1J,21,16,N
jr,21,16,N
0hE7,38,32,N
4WLu,38,32,N
zabJ,38,32,N
fY,21,16,N
g4,21,16,N
5nVk,38,32,N
NZ5,29,24,N
QHh,29,24,N
i5zO,38,32,N
Jg,21,16,N
6J,21,16,N
Oi,21,16,N
xmoj,38,32,N
o75y,38,32,N
c8O,29,24,N
Vd3,29,24,N
rJ,21,16,N
Ocxv,38,32,N
Zks,29,24,N
Zw,21,16,N
Gf,21,16,N
gAC,29,24,N
cQ,21,16,N
dI,21,16,N
lr,21,16,N
K0,21,16,N
asC,29,24,N
waEc,38,32,N
xs9,29,24,N
F7e,29,24,N
SuEB,38,32,N
q9P,29,24,N
x4C,29,24,N
bQGE,38,32,N
l1U9,38,32,N
ej,21,16,N
h8,21,16,N
lb3U,38,32,N
ScN,29,24,N
KKo,29,24,N
wW,21,16,N
sOix,38,32,N
pk,21,16,N
b3z,29,24,N
6A4h,38,32,N
4k,21,16,N
TNP,29,24,N
AZEh,38,32,N
iXv,29,24,N
2Do,29,24,N
lRAN,38,32,N
14w,29,24,N
nu,21,16,N
Xn,21,16,C
91,21,16,N
Te,21,16,N
Quoq,38,32,N
SiK,29,24,N
AYm4,38,32,N
wX,21,16,N
WYex,38,32,N
H7aa,38,32,N
MxQ,29,24,N
qga,29,24,N
FUVU,38,32,N
fpj,29,24,N
ZANc,38,32,N
Jtq,29,24,N
i9Y,29,24,N
QYw,29,24,N
dPYX,38,32,N
EN,21,16,N
rzq,29,24,N
VA,21,16,N
CLY,29,24,N
ItJ,29,24,N
Cdx,29,24,N
zZr,29,24,N
X89,29,24,N
txb,29,24,N
kmQ,29,24,N
WraT,38,32,N
KXx,29,24,N
Rk,21,16,N
ClDX,38,32,N
NX,21,16,N
Qg,21,16,N
11,21,16,N
L1EL,38,32,N
oVVO,38,32,N
Sz,21,16,N
OA,21,16,N
SuG,29,24,N
vA,21,16,N
VrD,29,24,N
ry,21,16,N
mOrE,38,32,N
ZB0D,38,32,C
07,21,16,N
M7k,29,24,N
KAMv,38,32,N
41WZ,38,32,N
L2C,29,24,N
IZDG,38,32,N
ic,21,16,N
VP,21,16,N
R6j,29,24,N
U51,29,24,N
ESAl,38,32,N
0H,21,16,N
WED,29,24,N
ok3u,38,32,N
hDOR,38,32,N
DdtZ,38,32,N
fnc,29,24,N
kp5,29,24,N
o1,21,16,N
e2,21,16,N
Gam6,38,32,N
1j,21,16,C
qfi5,38,32,N
U9,21,16,N
pBm,29,24,N
XJ,21,16,N
qeCa,38,32,N
5q6K,38,32,N
ZQPc,38,32,N
t0UF,38,32,N
RU,21,16,N
sNf,29,24,N
KpN,29,24,N
krM,29,24,N
YOR,29,24,N
vjG,29,24,N
7oA,29,24,N
e8Ew,38,32,N
6D,21,16,N
egp,29,24,N
vMP,29,24,N
d8r,29,24,N
qFw,29,24,N
izLg,38,32,N
Lcpk,38,32,N
mJ,21,16,N
fmz,29,24,N
YK,21,16,N
1NC,29,24,N
B4wv,38,32,N
fxyG,38,32,N
o5J,29,24,N
BU,21,16,N
wi4R,38,32,N
xqZL,38,32,N
8Pu,29,24,N
EP,21,16,N
mG,21,16,N
qYq,29,24,N
yGQg,38,32,N
Wx,21,16,N
sUv,29,24,N
hnNi,38,32,N
CYBi,38,32,N
HEhv,38,32,N
AW,21,16,N
oSE,29,24,N
vkp,29,24,N
tF2B,38,32,N
ZW,21,16,N
3Kdq,38,32,N
MO,21,16,N
i0C3,38,32,N
Cqh5,38,32,N
roN,29,24,N
H2K,29,24,N
nTa,29,24,N
5lcU,38,32,N
auq,29,24,N
trP2,38,32,N
Hhjq,38,32,N
Zrn,29,24,N
B4,21,16,N
Ki,21,16,N
iBq,29,24,N
58Z,29,24,N
Jz,21,16,N
XMK,29,24,N
XSi,29,24,N
TqND,38,32,N
uwpc,38,32,N
gQp9,38,32,N
olu,29,24,N
tK,21,16,N
Id,21,16,N
OU,21,16,N
2sC,29,24,N
Ccb8,38,32,N
eKk,29,24,N
Th,21,16,N
aFN,29,24,N
FS,21,16,N
7D4M,38,32,N
gk7,29,24,N
RVS,29,24,N
ZHC7,38,32,N
GcTw,38,32,N
MQC6,38,32,N
u8,21,16,N
s7e,29,24,N
gTdc,38,32,N
vWa,29,24,N
9iN,29,24,N
Ih,21,16,N
3O8U,38,32,N
fsb,29,24,N
Vxg,29,24,N
YIoi,38,32,N
v189,38,32,N
HZVW,38,32,N
3k,21,16,N
uHOJ,38,32,C
2dj,29,24,N
5ZXs,38,32,N
xG5d,38,32,N
Pr,21,16,N
HIe7,38,32,N
eA,21,16,C
Fj,21,16,N
E8,21,16,N
Pq,21,16,N
HAL7,38,32,N
jp,21,16,N
KFEX,38,32,N
rA,21,16,N
Ux,21,16,N
xa8,29,24,N
l39I,38,32,N
K2,21,16,N
eUzN,38,32,N
HLR,29,24,N
eWq7,38,32,N
fvL,29,24,N
cWf8,38,32,N
R7A,29,24,N
wBs7,38,32,N
peWJ,38,32,N
BL,21,16,N
ca8,29,24,N
uS,21,16,N
vkG,29,24,N
uUv,29,24,N
phg,29,24,N
Jjbb,38,32,N
xn,21,16,N
G7V,29,24,N
0ox,29,24,N
kjFZ,38,32,N
T1X,29,24,N
Ot,21,16,N
KpXM,38,32,N
4eZ,29,24,N
PNF,29,24,C
Cmp,29,24,N
QP,21,16,N
VEE,29,24,N
eSB,29,24,N
QnXV,38,32,N
MC,21,16,C
Uf,21,16,N
Pe,21,16,N
fZhZ,38,32,N
q4,21,16,N
NX,21,16,N
g4p,29,24,N
fKcD,38,32,N
jAK,29,24,N
k9m0,38,32,N
JFG,29,24,N
dQ2N,38,32,N
eJF,29,24,N
SyQ,29,24,N
6q,21,16,N
Um,21,16,N
Brp,29,24,N
rH,21,16,N
QV,21,16,N
kIZ,29,24,N
pta,29,24,N
7liK,38,32,N
MwN,29,24,N
8G7S,38,32,N
l1,21,16,N
kA,21,16,N
9N,21,16,N
DW,21,16,N
3OK,29,24,N
Vg,21,16,N
o61Y,38,32,N
wU,21,16,N
yYak,38,32,N
xJn3,38,32,N
6fD,29,24,N
Yc,21,16,N
9H,21,16,N
20Nl,38,32,N
ucD,29,24,N
i4,21,16,N
pQC,29,24,N
fv,21,16,N
M3e,29,24,N
VE,21,16,N
PDnV,38,32,N
QdH,29,24,N
Q3t,29,24,C
ufIl,38,32,N
B1x,29,24,N
aHXk,38,32,N
y0cE,38,32,N
CpeW,38,32,N
Gk2M,38,32,N
xjUp,38,32,N
bt,21,16,N
Zok,29,24,N
48W,29,24,N
Rl,21,16,N
Uq,21,16,N
0O,21,16,N
p9,21,16,N
XO,21,16,N
u17l,38,32,N
TlQE,38,32,N
Iph,29,24,N
gIQB,38,32,N
jtLQ,38,32,N
p0,21,16,N
Uuc,29,24,N
TLs,29,24,N
rqq9,38,32,N
ejub,38,32,N
hvmx,38,32,N
7yM,29,24,N
mJG7,38,32,N
Tv,21,16,N
rOnp,38,32,N
IB,21,16,N
4ewv,38,32,C
DU0,29,24,N
qbCk,38,32,N
3uTO,38,32,N
L7m,29,24,N
rJ,21,16,N
Qbp,29,24,N
3Af,29,24,N
Mj,21,16,N
Zg,21,16,N
Hd,21,16,N
JtN,29,24,N
rm,21,16,N
iI,21,16,N
iez,29,24,N
28,21,16,N
l7,21,16,N
fC7,29,24,N
vfMq,38,32,N
hmnY,38,32,C
fB,21,16,C
UKs,29,24,N
pu,21,16,N
MiH,29,24,N
yFCq,38,32,N
PHbY,38,32,N
wteA,38,32,N
RP1r,38,32,N
67Y,29,24,N
PyE,29,24,N
MbK,29,24,N
pfb,29,24,N
Pncj,38,32,N
xoB,29,24,N
AB6,29,24,N
po,21,16,N
bE,21,16,N
5n8,29,24,N
H2A,29,24,N
wUc,29,24,N
LI9w,38,32,N
YB2,29,24,N
INAO,38,32,N
fqt,29,24,N
T4a,29,24,N
9D5X,38,32,N
ut,21,16,N
Lj,21,16,N
Hes2,38,32,N
hr,21,16,N
Tv,21,16,N
94r,29,24,N
UP,21,16,N
5n,21,16,N
Ku,21,16,N
EZgk,38,32,N
oV,21,16,N
Cyv,29,24,N
2e,21,16,N
dHZE,38,32,N
Mv,21,16,C
y5,21,16,N
jcpA,38,32,N
kBK,29,24,N
cmJ2,38,32,N
idzb,38,32,N
3bWn,38,32,N
pD,21,16,N
WJ9B,38,32,N
mfz,29,24,N
yA,21,16,N
utSS,38,32,N
auMT,38,32,N
Fnj5,38,32,N
b2VY,38,32,N
SQ,21,16,N
QLPo,38,32,N
hHS,29,24,N
uXL6,38,32,N
Lyf,29,24,N
3c,21,16,N
0jqP,38,32,N
PNnF,38,32,N
tY,21,16,N
NWta,38,32,N
N92V,38,32,N
FEXS,38,32,N
YDU,29,24,N
Q97,29,24,N
JnVg,38,32,N
Iyd,29,24,N
kP,21,16,N
a2Y,29,24,N
zp,21,16,N
uB,21,16,N
Zuze,38,32,N
Erl,29,24,N
9ND,29,24,N
sLvA,38,32,N
p4,21,16,N
NwAE,38,32,N
vc,21,16,N
RC,21,16,N
j1I,29,24,N
XP9,29,24,N
nbnJ,38,32,N
ie2B,38,32,N
ir,21,16,N
C1JD,38,32,N
rns,29,24,N
Ch4,29,24,N
uTo,29,24,N
Ee,21,16,N
UuQ,29,24,N
sAAX,38,32,N
hnV,29,24,N
qN,21,16,N
5WFT,38,32,N
c7,21,16,N
DuFt,38,32,N
ec44,38,32,N
OhEi,38,32,N
Go9,29,24,N
VdSc,38,32,N
HPgE,38,32,N
RE,21,16,N
RpS,29,24,N
vJ,21,16,N
YE3,29,24,N
daD,29,24,N
uX,21,16,N
Z3z,29,24,N
Ds,21,16,N
oeB,29,24,N
yFEn,38,32,N
25Vf,38,32,N
DrW,29,24,N
lDib,38,32,N
zT,21,16,N
aLZd,38,32,N
1ib6,38,32,N
SA,21,16,N
ia,21,16,N
yh,21,16,N
iB,21,16,N
3Qd,29,24,N
XU,21,16,N
Ch9H,38,32,N
qJ5,29,24,N
cyG,29,24,N
BA,21,16,N
zTj,29,24,N
KgM7,38,32,N
UWNP,38,32,N
Twl3,38,32,N
SYR,29,24,N
TER,29,24,N
ED2C,38,32,N
jr5,29,24,N
Fbq,29,24,N
b67,29,24,N
gt4,29,24,N
Zn,21,16,N
gst,29,24,N
19,21,16,N
17n8,38,32,N
fiL,29,24,N
7K3V,38,32,N
VC,21,16,C
NcP,29,24,N
f0k,29,24,N
7dPg,38,32,N
Wb7X,38,32,N
8Pr,29,24,N
PJ,21,16,N
Re7,29,24,N
8msO,38,32,N
nD5,29,24,N
SS0k,38,32,N
DsQk,38,32,N
qbw,29,24,N
CfSp,38,32,N
tzr,29,24,N
HS,21,16,N
Az,21,16,N
aak,29,24,N
2q,21,16,N
xb,21,16,N
K8qO,38,32,N
hk,21,16,N
w3,21,16,N
Km,21,16,N
VknU,38,32,N
gf,21,16,N
k6,21,16,N
XTcV,38,32,N
suw3,38,32,N
ohc,29,24,N
Pq,21,16,N
47h,29,24,N
XhwD,38,32,N
bMY,29,24,N
rz,21,16,N
Hnu,29,24,N
ErJ,29,24,N
UWn,29,24,N
7Ff,29,24,N
DR,21,16,N
B7y,29,24,N
zsTn,38,32,N
nmZK,38,32,N
IT,21,16,N
27h,29,24,N
FjD,29,24,C
RNOu,38,32,N
Ue7h,38,32,N
cBL,29,24,N
jI,21,16,N
5qc,29,24,N
qk,21,16,N
yhX,29,24,N
6Z,21,16,N
AN,21,16,N
WjtA,38,32,N
oH,21,16,N
cno,29,24,N
Piu,29,24,N
4tz,29,24,N
dd,21,16,N
nnm,29,24,N
Bt,21,16,N
iK,21,16,N
z0B,29,24,N
K6,21,16,N
nJ,21,16,N
Chu,29,24,N
bo,21,16,N
TC1,29,24,N
FeUQ,38,32,N
NNA,29,24,N
75C,29,24,N
ZMlm,38,32,C
2Z,21,16,N
cHmV,38,32,N
1k1X,38,32,N
L7VA,38,32,N
sq,21,16,N
uEYR,38,32,N
NNyD,38,32,N
B8,21,16,N
nY,21,16,N
TT,21,16,N
1s,21,16,N
FI,21,16,N
DCK,29,24,N
Ac3,29,24,N
aY,21,16,N
oR,21,16,N
Mf,21,16,C
4xc,29,24,N
Evp,29,24,N
zW,21,16,N
He,21,16,N
kHmS,38,32,N
TXw,29,24,C
gR,21,16,N
wAGw,38,32,N
GJzw,38,32,N
ok,21,16,N
EP,21,16,N
98,21,16,N
C5D8,38,32,N
QY,21,16,N
OBx,29,24,N
1be,29,24,N
CM,21,16,N
kVY,29,24,N
uUS,29,24,N
IRy,29,24,N
dO,21,16,N
KU,21,16,N
hkd3,38,32,N
rmm,29,24,N
Uox,29,24,N
eAx,29,24,N
sLG,29,24,N
e08,29,24,N
iU,21,16,N
cIz,29,24,N
TI,21,16,N
9a1U,38,32,N
lbo6,38,32,N
Cp58,38,32,N
O9L,29,24,N
5dr,29,24,N
3jy4,38,32,N
jkYp,38,32,N
5H,21,16,N
x4,21,16,N
kL,21,16,N
EiQ,29,24,N
ZHM,29,24,N
3wOZ,38,32,N
5Y,21,16,N
0x9i,38,32,N
GzYh,38,32,N
QLw5,38,32,N
6uL,29,24,N
b7,21,16,N
ONp,29,24,N
BUW,29,24,N
jb,21,16,N
wx,21,16,N
yTxF,38,32,N
6z,21,16,N
5Js2,38,32,N
W2,21,16,N
EaC,29,24,N
zTg5,38,32,N
3F,21,16,N
6HKy,38,32,N
yPwf,38,32,N
OIBw,38,32,N
TPc,29,24,C
MhDC,38,32,N
wvA,29,24,N
rLn,29,24,N
Wwm,29,24,N
WvGP,38,32,N
FdM,29,24,N
Al,21,16,N
j0o,29,24,N
lW,21,16,N
GvC9,38,32,N
EQRM,38,32,N
UeC,29,24,N
VGy,29,24,N
T1Jk,38,32,N
TqX,29,24,N
LOmp,38,32,N
Oyy,29,24,N
qhp6,38,32,N
qU,21,16,N
tg7,29,24,N
0m4,29,24,N
vDzM,38,32,N
YQYI,38,32,N
lKb,29,24,N
Lxu,29,24,N
MtHG,38,32,N
LeKq,38,32,N
ZH0e,38,32,N
XN,21,16,N
9Up,29,24,N
SR,21,16,N
I4,21,16,N
7665,38,32,N
sVw,29,24,N
ru,21,16,N
KO,21,16,N
Rvq,29,24,N
EIv,29,24,N
uJf,29,24,N
NOS,29,24,N
HX,21,16,N
4rAx,38,32,N
425,29,24,N
VQo,29,24,N
Cl,21,16,N
38wW,38,32,N
jcH,29,24,N
BZu,29,24,N
y9l,29,24,N
rH,21,16,N
Cht,29,24,N
sluz,38,32,N
g3bC,38,32,N
Bw7,29,24,N
sZO,29,24,N
Ybun,38,32,N
fB,21,16,N
3Jp5,38,32,N
VvuN,38,32,N
Oj,21,16,N
s6pa,38,32,N
MONn,38,32,N
0N36,38,32,N
iQ,21,16,N
mRw,29,24,N
FH2,29,24,N
41,21,16,N
hKz,29,24,N
6cp1,38,32,N
EIB,29,24,C
dnW,29,24,N
BYG,29,24,N
23,21,16,N
6x,21,16,N
27,21,16,N
lR3,29,24,N
eNW,29,24,N
pI0L,38,32,N
8uqe,38,32,N
XW,21,16,N
mp,21,16,N
91nO,38,32,N
4FJ0,38,32,N
6LZ,29,24,N
PeZp,38,32,N
0Z,21,16,N
YHW,29,24,N
OaJ,29,24,N
MI4,29,24,N
L1,21,16,N
mPpC,38,32,N
0T,21,16,N
3zY,29,24,N
Et,21,16,N
kD,21,16,N
QOq,29,24,C
3E,21,16,N
rMtq,38,32,N
ifC5,38,32,N
aYFz,38,32,N
Wbf,29,24,N
645,29,24,N
ikV,29,24,N
UzDy,38,32,N
Wz,21,16,N
lY7O,38,32,N
Vl9n,38,32,N
eJxT,38,32,N
fA,21,16,N
P4,21,16,N
NNyB,38,32,N
jTCi,38,32,N
jEc7,38,32,N
33,21,16,N
iOpA,38,32,N
xiU,29,24,N
WZT,29,24,N
jA2i,38,32,N
28J9,38,32,C
SY,21,16,N
cx16,38,32,N
sIFS,38,32,N
J3r,29,24,N
m8,21,16,N
RsEC,38,32,N
TKr,29,24,N
OxZ,29,24,N
Uw,21,16,N
9Q,21,16,N
Aq9,29,24,N
LC,21,16,N
wwEg,38,32,N
gY3r,38,32,N
sqs,29,24,N
HQdS,38,32,N
28,21,16,N
cz,21,16,N
hc6D,38,32,N
UKF,29,24,N
3d,21,16,N
pm,21,16,N
JK8,29,24,N
k0VP,38,32,N
wu,21,16,N
k51X,38,32,N
XP,21,16,N
gEIv,38,32,N
i8,21,16,N
Ap,21,16,N
LRw,29,24,N
KD,21,16,N
CAs,29,24,N
RgsG,38,32,N
Zh0,29,24,N
KYl9,38,32,N
Iyu,29,24,N
tD,21,16,N
7G,21,16,N
XiIB,38,32,N
HT,21,16,N
fim7,38,32,N
5Hq,29,24,N
FKiG,38,32,N
uTy,29,24,N
sn,21,16,N
puXH,38,32,N
s9b,29,24,N
Q9Z4,38,32,N
bN3A,38,32,N
ILhp,38,32,N
s5y,29,24,N
F5J,29,24,N
aN,21,16,N
98Q,29,24,N
oP,21,16,N
u3N,29,24,N
Kr,21,16,N
dQ0,29,24,N
tuL,29,24,N
21z1,38,32,N
Rb,21,16,N
V19,29,24,N
nomJ,38,32,N
ZCx,29,24,N
Wb,21,16,N
GpYA,38,32,N
cG,21,16,N
se8,29,24,N
qhnw,38,32,N
ED,21,16,N
f4,21,16,N
Gaq,29,24,N
LLQ,29,24,N
Z3G3,38,32,N
TRP,29,24,N
E6ix,38,32,N
FTp,29,24,N
dkH,29,24,C
BL46,38,32,N
qaI,29,24,N
Ii,21,16,N
N1oe,38,32,C
qT,21,16,N
0wE,29,24,N
6c4,29,24,N
Pi,21,16,N
Hvl,29,24,N
4Poz,38,32,N
omW,29,24,N
7fA,29,24,N
bk,21,16,N
61P4,38,32,N
qx,21,16,N
Bj,21,16,N
M5x,29,24,N
au9,29,24,N
ov9,29,24,N
9PZU,38,32,N
r7Hm,38,32,N
Io5,29,24,N
fK,21,16,N
Db,21,16,N
vTU,29,24,N
Tj,21,16,N
lPI,29,24,N
HwJ7,38,32,N
6H,21,16,N
tSZ,29,24,N
XA,21,16,N
P5iY,38,32,N
H2uN,38,32,N
yfH9,38,32,N
3ni6,38,32,N
KczI,38,32,N
TSBx,38,32,N
ExTx,38,32,N
B3eo,38,32,N
xj39,38,32,N
Ue,21,16,N
sR,21,16,N
LR,21,16,N
H6FI,38,32,N
wJ,21,16,N
DJ,21,16,N
vau,29,24,N
gWw,29,24,N
kUF,29,24,N
cXrJ,38,32,N
WA9,29,24,N
dc,21,16,N
BcIC,38,32,N
g58S,38,32,N
NBp,29,24,N
3xT,29,24,N
W61L,38,32,N
SWM,29,24,N
Uvj4,38,32,N
jCW,29,24,N
GN,21,16,N
Q1,21,16,N
mf,21,16,N
Gu,21,16,N
rZK,29,24,N
ZY,21,16,N
wx,21,16,N
Pp0,29,24,N
prG,29,24,N
Gp,21,16,N
0S,21,16,N
qB3X,38,32,N
TJMC,38,32,N
MHi,29,24,N
RSl,29,24,N
5w,21,16,N
SP1,29,24,N
IC,21,16,N
Jji,29,24,N
QAlX,38,32,N
JDhs,38,32,N
5tq,29,24,N
VH6,29,24,N
xcGu,38,32,N
dvD,29,24,N
YkI,29,24,N
Tj1F,38,32,N
mO,21,16,N
EQUP,38,32,N
hg,21,16,N
gf9,29,24,N
1z,21,16,N
ELp,29,24,N
iHQ,29,24,N
t3V,29,24,N
P06a,38,32,N
rU,21,16,N
tKa,29,24,N
xaVl,38,32,N
2v12,38,32,N
coev,38,32,N
0YlK,38,32,N
7GR6,38,32,N
ax,21,16,N
e82i,38,32,N
WRq,29,24,N
0be,29,24,N
oFN,29,24,N
7nm,29,24,N
hBi,29,24,N
pj,21,16,N
VyP,29,24,N
Jrc,29,24,N
Vb,21,16,N
daj,29,24,N
nD,21,16,N
XRV4,38,32,N
gxJc,38,32,N
hmqi,38,32,N
WO,21,16,N
q2Yx,38,32,N
HElp,38,32,N
l5kL,38,32,N
ir,21,16,N
6tH,29,24,N
fSg,29,24,N
KsSx,38,32,N
Thd,29,24,N
Pf,21,16,C
Zg,21,16,N
Ft,21,16,N
ZU,21,16,N
s9,21,16,N
02,21,16,N
7gK,29,24,N
GOm,29,24,N
zYC,29,24,N
4T,21,16,N
NQF,29,24,N
c3M,29,24,N
LHjG,38,32,N
Lq,21,16,N
JjRe,38,32,N
uu,21,16,N
Q32,29,24,N
8cY,29,24,N
pe,21,16,N
yK,21,16,N
4ORu,38,32,N
HYH,29,24,N
Li,21,16,N
KG6p,38,32,N
bZ,21,16,N
hxUQ,38,32,N
BjW,29,24,N
2hb,29,24,C
LGQ,29,24,N
W3,21,16,N
1hu,29,24,N
Y0Is,38,32,N
Qh,21,16,N
4K,21,16,N
XfIo,38,32,N
jlK,29,24,N
24,21,16,N
5N,21,16,N
WWx,29,24,N
uz,21,16,N
2QCJ,38,32,N
aQgK,38,32,N
3z,21,16,N
2lrA,38,32,N
rdx,29,24,N
46Z,29,24,N
hrx,29,24,N
zaO,29,24,N
k8dP,38,32,N
7Pw,29,24,N
1CSu,38,32,N
Qo,21,16,N
NMB8,38,32,N
BwrH,38,32,N
SaIo,38,32,C
g4,21,16,N
ttT,29,24,N
jYjI,38,32,N
HOH,29,24,N
q7,21,16,N
07yf,38,32,N
Em,21,16,N
OZ,21,16,N
dn,21,16,N
srY,29,24,C
6Ul,29,24,N
Fvjl,38,32,C
9qG,29,24,N
Ef,21,16,N
3tR,29,24,N
A2C,29,24,N
1mEh,38,32,N
5V,21,16,N
itW,29,24,N
UH,21,16,N
LD0,29,24,N
lS,21,16,N
tc,21,16,N
hLKM,38,32,N
eT,21,16,N
6TmU,38,32,N
ZS,21,16,N
yDF,29,24,C
t4e,29,24,N
it,21,16,N
a4d,29,24,N
mhd,29,24,N
n7s,29,24,N
v40,29,24,N
fXR7,38,32,N
dMq0,38,32,N
uq,21,16,N
9j,21,16,N
EapO,38,32,N
IY,21,16,N
9m9M,38,32,N
mmp,29,24,N
widj,38,32,N
bs,21,16,N
Ni,21,16,N
xpNc,38,32,N
j9,21,16,N
3H,21,16,N
iO,21,16,N
CuGT,38,32,N
aU4,29,24,N
5i,21,16,C
fP,21,16,N
6Ye,29,24,N
hF9G,38,32,N
nyth,38,32,N
nJ5,29,24,N
lnLP,38,32,N
OE0,29,24,N
Fs,21,16,N
zt3,29,24,N
b0dr,38,32,C
BiRs,38,32,N
57,21,16,N
iII,29,24,N
vfdL,38,32,N
eFE,29,24,C
Lx,21,16,N
uGcn,38,32,N
6fkg,38,32,N
cp,21,16,N
wesG,38,32,C
wND,29,24,N
1kl,29,24,N
e5Ze,38,32,N
KM,21,16,N
Aj,21,16,N
g3wU,38,32,N
1jsU,38,32,N
ZPk,29,24,N
BH,21,16,N
5Th,29,24,N
fDz,29,24,N
Gh,21,16,N
D7,21,16,N
JIdT,38,32,N
VX0H,38,32,N
0aXk,38,32,N
25,21,16,N
PG,21,16,N
mXt,29,24,N
Xb,21,16,N
Gpq,29,24,C
pir,29,24,N
vy,21,16,N
BZh,29,24,N
Ix,21,16,N
ca,21,16,N
Prr,29,24,N
RM,21,16,N
23,21,16,N
zoVk,38,32,N
qn,21,16,N
zRc,29,24,N
IZ,21,16,N
QR,21,16,N
dkC1,38,32,N
bW03,38,32,N
ABr,29,24,N
vrpc,38,32,N
Qr,21,16,N
XU,21,16,N
HvIk,38,32,N
3X,21,16,N
Tc,21,16,N
CiQ,29,24,N
YO,21,16,N
3tj,29,24,N
j5GM,38,32,N
At7,29,24,N
IE,21,16,N
5dz,29,24,N
TvVU,38,32,N
6LI,29,24,N
95dz,38,32,N
lc,21,16,N
0i0,29,24,N
tRC,29,24,N
l0ov,38,32,N
TC,21,16,N
GSe,29,24,N
dPc2,38,32,N
k34X,38,32,N
nSgp,38,32,N
2V,21,16,N
HXm,29,24,N
P6D,29,24,N
VdCZ,38,32,N
nLbq,38,32,N
Vrx,29,24,N
IQN,29,24,N
Sh2,29,24,N
INu,29,24,N
Zk,21,16,N
AsF,29,24,N
jpeq,38,32,N
c38,29,24,N
6q,21,16,N
jYIC,38,32,N
XHyg,38,32,N
gVD,29,24,N
BmV,29,24,N
GxX,29,24,N
89Hq,38,32,N
BG,21,16,N
BMz,29,24,N
dU8g,38,32,N
6k,21,16,N
6SgD,38,32,N
aMD,29,24,N
aA8,29,24,N
1bo,29,24,N
mQf,29,24,N
Uach,38,32,N
AMe,29,24,N
BWwm,38,32,N
PN,21,16,N
wFeO,38,32,N
SYNF,38,32,N
0tU,29,24,N
BDq,29,24,N
f9vg,38,32,N
erM,29,24,N
TJV,29,24,N
Kk8,29,24,N
cd,21,16,N
gjU,29,24,N
WI2,29,24,N
rkv,29,24,N
qrPF,38,32,N
8MS,29,24,N
C2,21,16,N
rtM,29,24,N
nmr,29,24,N
Donp,38,32,N
Kjs,29,24,N
71B,29,24,N
bWhW,38,32,N
Op,21,16,N
VOGj,38,32,N
mv,21,16,N
T3VM,38,32,N
wp,21,16,N
YF,21,16,N
rb,21,16,N
N5,21,16,N
me,21,16,N
v0,21,16,N
mSmR,38,32,N
BV,21,16,N
TgB,29,24,N
9UWi,38,32,N
D3D,29,24,N
XI,21,16,N
6qst,38,32,N
ICe1,38,32,N
eKJQ,38,32,N
0M,21,16,N
BX,21,16,N
YB,21,16,N
5ciH,38,32,N
Lu,21,16,N
WJbX,38,32,N
tuJe,38,32,N
dLE,29,24,N
OCCk,38,32,N
w9U,29,24,N
XwiF,38,32,N
DT,21,16,N
wG7,29,24,N
JWj,29,24,C
njYg,38,32,N
E1,21,16,N
U22,29,24,N
IDX,29,24,N
4Q3,29,24,N
xW,21,16,N
hT,21,16,N
ld,21,16,N
jmq,29,24,N
0XQ5,38,32,N
Wls,29,24,N
LK,21,16,N
rQ,21,16,N
QP,21,16,N
zqrg,38,32,N
1fWu,38,32,N
eRb,29,24,N
Fk,21,16,N
sU11,38,32,N
dC,21,16,N
G8L0,38,32,N
SVMo,38,32,N
qr,21,16,N
bU,21,16,N
Ed,21,16,N
Bs,21,16,N
5Y,21,16,N
34,21,16,N
SCNh,38,32,N
pLb,29,24,N
8j,21,16,N
POqs,38,32,N
aQ31,38,32,N
Kp,21,16,N
LQ0,29,24,N
GTF,29,24,N
4R,21,16,N
cR3,29,24,N
ziM,29,24,N
5jm,29,24,N
rYc,29,24,C
UFE,29,24,N
o0P,29,24,N
bgKP,38,32,N
KXp,29,24,N
Mjw,29,24,N
ejk,29,24,N
4q,21,16,N
zZW,29,24,N
4CD,29,24,N
Saqg,38,32,N
uU,21,16,N
Ch,21,16,N
Y5UL,38,32,N
8z,21,16,N
EkD,29,24,N
J7Q,29,24,N
MxRj,38,32,N
ry,21,16,N
FUVZ,38,32,N
MwMS,38,32,C
5YL,29,24,N
fMD,29,24,N
68Bc,38,32,N
CtL5,38,32,N
Ak,21,16,N
gfS,29,24,N
lw,21,16,N
Ln,21,16,N
qyo,29,24,N
Xg,21,16,N
Qz7,29,24,N
IY,21,16,N
qJo,29,24,N
T8,21,16,N
Xv,21,16,N
eli8,38,32,C
G0,21,16,N
sT,21,16,N
kVy,29,24,N
c1,21,16,N
l6r,29,24,N
BRrx,38,32,N
FV,21,16,N
hR,21,16,N
x5,21,16,N
4L,21,16,N
NPo,29,24,N
qLe,29,24,N
Ccy,29,24,N
CFjy,38,32,N
OVP,29,24,N
4R,21,16,N
d9,21,16,N
iZMh,38,32,N
SJyn,38,32,N
9s,21,16,N
ebcC,38,32,N
qwHm,38,32,N
qBpd,38,32,N
LJ,21,16,N
xs,21,16,N
Gn,21,16,N
xKc,29,24,N
J4,21,16,N
0EF,29,24,N
w3,21,16,N
Golw,38,32,N
IRVw,38,32,N
g1,21,16,N
8Hbq,38,32,N
8qE,29,24,C
c3P,29,24,N
XEHR,38,32,N
o6y,29,24,N
L83,29,24,N
QHC,29,24,N
Yyx,29,24,N
8e,21,16,N
9Tr,29,24,N
Uk,21,16,N
A4w,29,24,N
0UJ,29,24,N
qj,21,16,N
Ei4U,38,32,N
xOS,29,24,N
6J,21,16,N
f8,21,16,N
zVT4,38,32,N
Yk,21,16,N
NlPm,38,32,N
uf,21,16,N
CK2,29,24,N
dl,21,16,N
cf5,29,24,N
Eo,21,16,N
CJi7,38,32,N
sB,21,16,N
Eb,21,16,N
oc,21,16,N
9Dv,29,24,N
x7,21,16,N
IVB6,38,32,N
JUb,29,24,N
ng,21,16,N
23,21,16,N
bpyx,38,32,N
t5X,29,24,N
kRQ,29,24,N
wrt,29,24,N
VxR,29,24,N
Z6,21,16,N
n4j,29,24,N
cO,21,16,N
GIE,29,24,N
DBPl,38,32,N
aQ,21,16,N
RO,21,16,N
bI,21,16,N
DJ,21,16,N
FA0n,38,32,N
MJjL,38,32,N
wE,21,16,N
FQf,29,24,N
SGfG,38,32,N
jHFS,38,32,N
6uI,29,24,N
XsY,29,24,N
vZrT,38,32,N
E9IV,38,32,N
yc,21,16,N
yCbJ,38,32,N
cIH,29,24,N
dCzJ,38,32,N
RDH,29,24,N
5Gm,29,24,N
6e,21,16,N
PJQ2,38,32,N
q7xo,38,32,N
OE2,29,24,N
8Z,21,16,N
vxKI,38,32,N
T4Zx,38,32,N
mZ,21,16,N
6f,21,16,N
tbpd,38,32,N
oV69,38,32,N
Jq9T,38,32,C
H9bT,38,32,N
m9,21,16,N
XX,21,16,N
v9,21,16,N
w8W,29,24,N
ManL,38,32,N
2TF,29,24,N
Okn,29,24,N
GPQ,29,24,N
zIa,29,24,N
Fs,21,16,C
9gbN,38,32,N
JHEu,38,32,N
5acc,38,32,N
MCR,29,24,N
G9o,29,24,N
1A7,29,24,N
y#Ò,29,24,C
kD,21,16,N
gru5,38,32,N
ZPxs,38,32,N
JbC,29,24,N
tY,21,16,N
PdOL,38,32,N
JjcD,38,32,N
GL,21,16,N
V9NR,38,32,N
RV,21,16,N
JzK,29,24,N
ZV,21,16,N
q6z,29,24,N
VKP,29,24,N
acQ,29,24,N
9x,21,16,N
qAKl,38,32,N
VEL,29,24,N
cV,21,16,N
LDr,29,24,N
YA,21,16,N
6ws,29,24,N
2ogW,38,32,N
TU8m,38,32,N
Wh,21,16,N
zqD,29,24,N
gO,21,16,N
NO,21,16,N
vT19,38,32,N
TA,21,16,N
l8,21,16,N
9aQy,38,32,N
5AGM,38,32,N
l2,21,16,N
5I,21,16,N
Yt,21,16,N
d8,21,16,N
WJ3,29,24,N
2CN,29,24,N
7UwE,38,32,N
yU4n,38,32,N
TE,21,16,N
7io,29,24,N
GBjn,38,32,N
UDns,38,32,N
bgQ,29,24,N
c7,21,16,N
VhmS,38,32,N
BM2,29,24,N
86,21,16,N
OA,21,16,N
Xm7,29,24,N
NY,21,16,N
Vnl,29,24,N
XvK,29,24,N
Dn3f,38,32,N
Qoz,29,24,N
tG1,29,24,N
peaM,38,32,N
esN,29,24,N
TQC,29,24,C
q7,21,16,N
WfQM,38,32,N
GkQ3,38,32,N
szaC,38,32,N
4Wb,29,24,N
LNQ,29,24,N
8V,21,16,N
c9,21,16,N
kqkK,38,32,N
JC9,29,24,N
5za,29,24,N
5mE,29,24,N
Z52,29,24,N
TaD,29,24,N
k10M,38,32,N
oWW,29,24,N
QW6,29,24,N
Q7p,29,24,N
mGJN,38,32,N
9YI,29,24,N
kqR,29,24,N
1ACN,38,32,N
5j,21,16,N
D8,21,16,N
pNu,29,24,N
lkUX,38,32,N
5fA,29,24,C
AJ,21,16,N
Po,21,16,N
1k4,29,24,N
Vzf,29,24,N
s18,29,24,N
dJ2,29,24,N
LO,21,16,N
jN,21,16,N
DhzO,38,32,N
7eK,29,24,N
aoe,29,24,N
Pn,21,16,N
WsJ4,38,32,N
qvy8,38,32,N
PIE8,38,32,N
HC5U,38,32,N
pW,21,16,N
l0P,29,24,N
zD,21,16,N
Af,21,16,N
KO,21,16,N
OBEY,38,32,N
ZSC,29,24,N
pDq,29,24,N
JSFh,38,32,N
Wr,21,16,N
CdI,29,24,N
dFM,29,24,N
D1,21,16,N
kU,21,16,N
1X,21,16,N
FKV,29,24,N
Pld,29,24,N
6el,29,24,N
9T,21,16,N
AsIM,38,32,N
3Ly,29,24,N
X6,21,16,N
ft68,38,32,N
VQ,21,16,N
yED,29,24,N
ONY,29,24,N
Dv3,29,24,N
MTA,29,24,N
Qbt,29,24,N
RD4,29,24,N
Zr,21,16,N
Yf0,29,24,N
bmqm,38,32,C
Kk,21,16,N
aJ,21,16,N
7n,21,16,N
1Jbt,38,32,N
VdF,29,24,N
nE,21,16,N
EXta,38,32,N
eA,21,16,N
iY,21,16,N
Tf,21,16,N
Urs,29,24,N
Xi2,29,24,N
SD,21,16,N
Mrac,38,32,N
N8z,29,24,N
FX,21,16,N
Px,21,16,N
NCUz,38,32,N
V9,21,16,N
S8r,29,24,N
OI,21,16,N
sy9,29,24,N
717,29,24,N
y4t,29,24,N
XsA,29,24,N
KOW,29,24,N
Ov4F,38,32,N
Ga5Q,38,32,N
McTq,38,32,N
BtP,29,24,N
KI7,29,24,N
9FY,29,24,N
UzNk,38,32,N
GV,21,16,N
gv,21,16,N
rkTI,38,32,N
6DM,29,24,N
bwK,29,24,N
VM9,29,24,N
zbTZ,38,32,N
Bi6P,38,32,N
e0rS,38,32,N
dy,21,16,N
FY0,29,24,N
orVq,38,32,N
33WG,38,32,N
Ps,21,16,N
tFc,29,24,N
Bfc,29,24,N
DFd4,38,32,N
9Dt,29,24,N
XO,21,16,N
iBHN,38,32,N
YP,21,16,N
Ydqm,38,32,N
N3J,29,24,N
Ul5,29,24,N
Gr,21,16,N
JVd,29,24,N
B1L,29,24,N
OH,21,16,N
06L,29,24,N
nT,21,16,N
O2CH,38,32,N
riy,29,24,N
zAN7,38,32,N
ter,29,24,N
kUTq,38,32,N
sy,21,16,N
rJ,21,16,N
2gkx,38,32,N
iVJC,38,32,N
0Dqg,38,32,N
xoS,29,24,N
Og4v,38,32,N
Vt,21,16,N
d2F,29,24,N
Ut,21,16,N
n61,29,24,N
cGP,29,24,N
2QX,29,24,N
Zs,21,16,N
7vK6,38,32,C
Crij,38,32,N
3S,21,16,N
FD,21,16,N
uw,21,16,N
wlL8,38,32,N
FSRB,38,32,N
swe,29,24,N
1JDo,38,32,N
vC,21,16,N
2yr,29,24,N
ehi,29,24,N
iCMQ,38,32,N
o3IP,38,32,N
Ds,21,16,N
A0c,29,24,N
PX,21,16,N
39H,29,24,N
4E,21,16,N
ln,21,16,N
fv,21,16,N
8X,21,16,N
oIU,29,24,N
qLB2,38,32,N
er6Y,38,32,N
sojK,38,32,N
O5rX,38,32,N
NCp,29,24,N
sl,21,16,N
ba,21,16,N
q0G,29,24,N
pAO6,38,32,N
d8D,29,24,N
lY,21,16,N
JCmY,38,32,N
eVwx,38,32,N
l9,21,16,N
tUNq,38,32,N
Di,21,16,N
yv,21,16,N
U2X4,38,32,N
Na,21,16,N
1N,21,16,N
LVU2,38,32,N
IvXq,38,32,N
GW,21,16,N
rgEQ,38,32,N
eV,21,16,N
ddEG,38,32,N
F2o,29,24,N
Ngw,29,24,N
niL,29,24,N
5wN,29,24,N
ZOL,29,24,N
bR,21,16,N
pCBJ,38,32,N
gHp,29,24,N
L1mV,38,32,N
h0,21,16,N
rm,21,16,N
rAAI,38,32,N
3UOt,38,32,N
1fsW,38,32,N
9ue,29,24,N
0hW,29,24,N
K7W,29,24,N
fCVO,38,32,N
IK,21,16,N
OVAq,38,32,N
cQ4,29,24,N
pAo9,38,32,N
CHO,29,24,N
go,21,16,N
K73,29,24,N
GiP,29,24,N
LWz,29,24,N
nv3,29,24,N
2uU,29,24,N
meGk,38,32,N
yjP4,38,32,N
FFk,29,24,N
Wid,29,24,N
TRp,29,24,N
XRZD,38,32,N
v9,21,16,N
WG6O,38,32,N
meib,38,32,N
fttv,38,32,N
6F,21,16,N
HR,21,16,N
28Wp,38,32,N
RJh5,38,32,N
DxJ,29,24,N
Ofa,29,24,C
zl4q,38,32,N
vG,21,16,N
mY,21,16,N
O7k,29,24,N
P1Nr,38,32,C
E7oz,38,32,N
IDoR,38,32,N
7fK,29,24,N
GL,21,16,N
0X,21,16,N
jbOP,38,32,N
7k,21,16,N
LJ8D,38,32,N
z2,21,16,N
EaqS,38,32,N
Vh,21,16,N
86rG,38,32,N
1xe,29,24,N
CWwM,38,32,N
iL,21,16,N
TLh9,38,32,N
8k,21,16,N
szqW,38,32,N
eVOG,38,32,N
152,29,24,N
XO,21,16,N
uV,21,16,N
tfrv,38,32,N
EN,21,16,N
Zsfm,38,32,N
nnek,38,32,N
MNli,38,32,N
h09M,38,32,N
MH,21,16,N
X79,29,24,N
eMB1,38,32,N
5NeO,38,32,C
Nc,21,16,N
65Nh,38,32,N
N3g,29,24,N
V4JV,38,32,N
xs,21,16,N
dDw,29,24,N
6sv,29,24,N
Mfx,29,24,N
uo,21,16,N
Gtna,38,32,N
lFID,38,32,N
vZkU,38,32,N
1Ps,29,24,N
U4,21,16,N
7NH,29,24,N
Bxgc,38,32,N
sjlv,38,32,N
o4x,29,24,N
PrY,29,24,N
DI,21,16,N
wu4a,38,32,N
mMzZ,38,32,N
Q8,21,16,N
3uBF,38,32,N
8Iy5,38,32,N
Y0gv,38,32,N
0i,21,16,N
Y8,21,16,N
O77,29,24,N
yrzd,38,32,N
Bk3E,38,32,N
WBCy,38,32,N
9hD0,38,32,N
y6S,29,24,N
aOQa,38,32,N
F0pI,38,32,C
XWJ,29,24,N
48,21,16,N
Toi,29,24,N
To,21,16,N
HJH,29,24,N
0z,21,16,N
fD,21,16,N
Ad,21,16,N
DASX,38,32,N
rRG,29,24,N
UC,21,16,N
h4U,29,24,N
klv,29,24,N
s1al,38,32,N
3G,21,16,N
YdC,29,24,N
PA,21,16,N
ynrV,38,32,N
fll,29,24,N
67,21,16,N
p8,21,16,N
ME,21,16,N
vtj,29,24,N
r4bd,38,32,C
huU,29,24,N
Isxe,38,32,N
5UqM,38,32,N
Z06,29,24,N
cDVm,38,32,N
7U4,29,24,N
6QbB,38,32,N
zUcy,38,32,N
9K,21,16,N
V39,29,24,N
S7,21,16,N
jugk,38,32,N
fN,21,16,N
JLzc,38,32,N
jPHz,38,32,N
qjF,29,24,N
eixk,38,32,N
4I,21,16,N
Kl,21,16,N
Gxr,29,24,N
Fv9c,38,32,N
hXS3,38,32,N
7w,21,16,N
1Qvd,38,32,N
AejO,38,32,N
S9z,29,24,N
QL,21,16,N
9e,21,16,N
W3,21,16,N
0gEC,38,32,N
sG3,29,24,N
Fc,21,16,N
k5D,29,24,N
Gjbk,38,32,N
6aB0,38,32,N
Y3gu,38,32,N
Mng,29,24,N
x9rt,38,32,N
ecQ,29,24,N
fOnI,38,32,N
PM,21,16,N
ex,21,16,N
2QPN,38,32,N
E6,21,16,N
MyJv,38,32,N
zN,21,16,N
Qn,21,16,N
56,21,16,N
vvK,29,24,N
zN,21,16,N
7Js9,38,32,N
VXv,29,24,N
AMm,29,24,C
1ayp,38,32,N
LJS,29,24,N
H8V,29,24,N
qtg,29,24,N
mA0,29,24,N
4cKQ,38,32,N
Qpr,29,24,N
QS,21,16,N
ME,21,16,N
6E14,38,32,N
S4,21,16,N
KaMb,38,32,N
bxB,29,24,N
qE4z,38,32,N
SR,21,16,N
MN18,38,32,N
9STA,38,32,N
4JS,29,24,N
WrG,29,24,N
e5UE,38,32,N
EW2k,38,32,N
jQLa,38,32,N
3Zl,29,24,N
Nox,29,24,N
8nb,29,24,N
Ie,21,16,N
4a,21,16,N
mWWP,38,32,N
sCY,29,24,N
xJXi,38,32,N
zTJn,38,32,N
QXe,29,24,N
RMKo,38,32,N
5SJ,29,24,N
o5t,29,24,N
7NAZ,38,32,N
6x,21,16,N
XG,21,16,N
8z,21,16,N
7PQ8,38,32,N
VjS,29,24,N
6y,21,16,N
8Z,21,16,N
pRG,29,24,N
JU1Q,38,32,N
9sd,29,24,N
jpLU,38,32,N
amh,29,24,N
TGSj,38,32,N
Qug8,38,32,N
DmJm,38,32,N
16IX,38,32,N
Lj,21,16,N
isxH,38,32,N
tLI,29,24,N
w96a,38,32,N
f5,21,16,N
iuS,29,24,N
KhT,29,24,N
Gjn7,38,32,N
hjuh,38,32,N
hib,29,24,N
nBBr,38,32,N
vTtl,38,32,N
WgX,29,24,N
aCn,29,24,N
Nb,21,16,N
vDL,29,24,N
RK,21,16,N
OTxW,38,32,N
P7,21,16,N
d0,21,16,N
lB,21,16,N
p0ss,38,32,N
ZBLq,38,32,N
NIgH,38,32,N
e7,21,16,N
px,21,16,N
Sl6j,38,32,N
jh4,29,24,N
riuG,38,32,N
ZmE,29,24,N
9D,21,16,N
cx,21,16,N
iwdt,38,32,N
o4,21,16,N
6u,21,16,N
YK,21,16,N
bh,21,16,N
8Yho,38,32,N
Yar,29,24,N
atL,29,24,N
a8sR,38,32,N
8liy,38,32,N
qLVl,38,32,N
dob,29,24,N
jFAV,38,32,N
oPm,29,24,N
h1Xm,38,32,N
HsX,29,24,N
Aa,21,16,N
d41u,38,32,N
dBw,29,24,N
dbY0,38,32,N
POx,29,24,N
Sz,21,16,N
Pmm,29,24,N
AL,21,16,N
G7,21,16,N
mhJ,29,24,N
jcZ,29,24,N
cZ8v,38,32,N
Ayt7,38,32,N
H7,21,16,N
E4DO,38,32,N
uy,21,16,N
T8Xw,38,32,N
TT,21,16,N
aZ,21,16,N
Zh,21,16,N
4S,21,16,N
ESlM,38,32,N
Sdf,29,24,N
JmsP,38,32,N
RRD,29,24,N
5d,21,16,N
YxlZ,38,32,N
2H,21,16,N
JN42,38,32,N
9ExX,38,32,N
i7w,29,24,N
5pK,29,24,N
Em,21,16,N
fEp,29,24,N
On,21,16,N
jz,21,16,N
yWo,29,24,N
KR,21,16,N
gWg,29,24,N
KEdy,38,32,N
ur,21,16,N
os,21,16,N
rP,21,16,N
3QU1,38,32,N
x4k,29,24,N
xG,21,16,N
hv4,29,24,N
ThO5,38,32,N
Pw,21,16,N
EEP,29,24,N
QKb,29,24,N
bkVE,38,32,N
V9tD,38,32,N
aXn7,38,32,N
x7tG,38,32,N
B6,21,16,N
o2y8,38,32,N
pn,21,16,N
j9B,29,24,N
Q2,21,16,N
3lcf,38,32,N
7AF,29,24,N
qdhB,38,32,N
KGA0,38,32,N
enC,29,24,N
4r9q,38,32,N
6P,21,16,N
TckM,38,32,N
sKy,29,24,N
nFE,29,24,C
sNV,29,24,N
tYsM,38,32,N
Mo,21,16,C
CY,21,16,N
pNkD,38,32,N
70e,29,24,N
Qo,21,16,N
VXO,29,24,N
FI5,29,24,N
YBj,29,24,N
ECc7,38,32,N
aD,21,16,N
95,21,16,N
rPW,29,24,N
qYJ,29,24,N
oMS,29,24,N
Qa,21,16,N
vZg,29,24,N
ZSV,29,24,N
CUOu,38,32,N
Es1,29,24,N
JQeZ,38,32,N
V1,21,16,N
8MeD,38,32,C
gTg,29,24,N
ESz,29,24,N
KMUf,38,32,N
gZ3,29,24,N
Ps,21,16,N
S31s,38,32,N
ecVJ,38,32,N
LfW,29,24,N
Or,21,16,N
Js,21,16,N
Cvti,38,32,N
ab7,29,24,N
VNc,29,24,N
B6D,29,24,N
d4z,29,24,N
X7E,29,24,C
PIse,38,32,N
Bpn,29,24,N
RV,21,16,N
MRz,29,24,N
keFZ,38,32,N
S8BQ,38,32,N
hvD,29,24,N
xRZ,29,24,N
Ho0b,38,32,N
FD,21,16,N
ECIH,38,32,N
RceH,38,32,N
dAr,29,24,N
ad15,38,32,N
rlv,29,24,N
wam,29,24,N
e3a,29,24,N
tgJK,38,32,N
p1y,29,24,N
dVky,38,32,N
df,21,16,N
lZ9R,38,32,N
xN9,29,24,N
WsYD,38,32,N
6l,21,16,N
De,21,16,N
r3I,29,24,N
pv,21,16,N
lp2,29,24,N
mDB,29,24,N
HW1,29,24,N
UI,21,16,N
yqw7,38,32,N
6O,21,16,N
qf,21,16,N
seC,29,24,N
KIzP,38,32,N
GbD,29,24,N
6I,21,16,N
B2j,29,24,N
MQZ,29,24,N
8AC,29,24,N
JRVB,38,32,N
t6Yf,38,32,N
SI,21,16,N
FwFc,38,32,N
Sf,21,16,N
Tr,21,16,N
8zqy,38,32,N
8Zt,29,24,N
Idv6,38,32,N
RB,21,16,N
taFt,38,32,N
cyl8,38,32,N
hu,21,16,N
9n,21,16,N
tLA,29,24,N
qR,21,16,N
bWjq,38,32,N
VjEV,38,32,N
vq2c,38,32,N
qWL,29,24,N
XJ,21,16,N
CR,21,16,N
D7,21,16,N
7fjx,38,32,N
UEr,29,24,N
9f,21,16,N
9YYw,38,32,N
6eaJ,38,32,N
1tqG,38,32,N
Vk,21,16,N
Qe0M,38,32,N
Nd,21,16,N
Gw,21,16,N
DI,21,16,N
QvBN,38,32,N
fw9m,38,32,N
jWqF,38,32,N
RGQ,29,24,N
Wn,21,16,N
Oi,21,16,N
nSNO,38,32,C
ARTD,38,32,N
ae,21,16,N
5Ln,29,24,N
Uh,21,16,N
kop,29,24,N
Q2pG,38,32,N
ddQ8,38,32,N
HcZ,29,24,N
P2,21,16,N
v9,21,16,N
7W,21,16,N
DtKw,38,32,N
Zznt,38,32,N
9Lo,29,24,N
dVsv,38,32,N
AXGs,38,32,N
e4U,29,24,N
MgO,29,24,N
HN2,29,24,N
L8AY,38,32,N
5g,21,16,N
wtE,29,24,N
On6d,38,32,N
Jhx,29,24,N
OjmJ,38,32,N
zK,21,16,N
Pq,21,16,N
6n,21,16,N
GEq,29,24,N
jF1d,38,32,C
At6,29,24,N
sfh,29,24,N
FAYE,38,32,N
dWV,29,24,N
X4,21,16,N
kQ,21,16,N
1p2U,38,32,N
h1dV,38,32,N
aHJ,29,24,N
Bxm,29,24,N
Eo,21,16,N
WJ4,29,24,N
jX,21,16,N
5cP,29,24,N
27FX,38,32,N
ZZ,21,16,N
ZuM,29,24,N
ptU,29,24,N
3kXe,38,32,N
TFyn,38,32,N
h67i,38,32,N
ZX1,29,24,N
QO,21,16,N
9GWC,38,32,N
KX5,29,24,N
r5NQ,38,32,N
4B,21,16,N
bxg,29,24,N
sYAk,38,32,N
XM,21,16,N
Iz,21,16,N
YfHX,38,32,N
i1i,29,24,N
zRu,29,24,N
Ug,21,16,N
r3T,29,24,N
IQ,21,16,N
h6g,29,24,N
h4,21,16,N
TX,21,16,N
isd,29,24,N
kP7,29,24,C
wR,21,16,N
A1,21,16,N
flA,29,24,N
gB,21,16,N
wPF,29,24,N
BEp8,38,32,N
RfH,29,24,N
b7O,29,24,N
a13,29,24,N
FlS,29,24,N
3Vn,29,24,N
TuVD,38,32,N
3t,21,16,N
7gm,29,24,N
pa,21,16,N
hCwF,38,32,N
bRg,29,24,N
c2I,29,24,N
05W,29,24,N
WD,21,16,N
oC,21,16,N
g5,21,16,N
EZ,21,16,N
3qCs,38,32,N
fMJj,38,32,N
pZ,21,16,N
989y,38,32,N
HT6E,38,32,C
WA,21,16,N
isK,29,24,N
CM,21,16,N
6c,21,16,N
z6O,29,24,N
FYy,29,24,N
MJgo,38,32,N
1ur,29,24,N
YI,21,16,N
Axv,29,24,N
yXOF,38,32,N
d2,21,16,N
ZSu,29,24,N
pc,21,16,N
Nh,21,16,N
FB,21,16,N
Ij9F,38,32,N
BIk,29,24,N
7iu,29,24,N
7L38,38,32,N
eHOD,38,32,N
DcYJ,38,32,N
iAm,29,24,N
2f,21,16,N
UR2,29,24,N
IA,21,16,N
9aWa,38,32,N
4qe,29,24,N
PE,21,16,N
jsB,29,24,N
hgph,38,32,N
J5,21,16,N
VL1,29,24,N
xX,21,16,N
KL,21,16,N
89,21,16,N
swFH,38,32,C
4r,21,16,N
Qr,21,16,N
Qb,21,16,N
I8,21,16,N
aecO,38,32,N
O9Xq,38,32,N
py5,29,24,C
hVW,29,24,N
HM,21,16,N
AZpy,38,32,N
SH1,29,24,N
836Y,38,32,N
3L,21,16,N
n99,29,24,N
ta,21,16,N
trvd,38,32,N
TH,21,16,N
v5I0,38,32,N
ozH,29,24,N
MZSk,38,32,N
bu5,29,24,N
NhO,29,24,N
ksC,29,24,N
PYEa,38,32,N
MQ,21,16,N
Wf5p,38,32,N
gi,21,16,N
Ab,21,16,N
7Dc,29,24,N
fYX,29,24,N
hu5O,38,32,N
0i,21,16,N
ns,21,16,N
Jss,29,24,N
e8,21,16,N
fGO,29,24,N
8j,21,16,N
UjD,29,24,N
uNIp,38,32,N
9TF,29,24,N
2C,21,16,N
qG,21,16,N
GKG,29,24,N
XJ8R,38,32,N
0I,21,16,N
OX,21,16,N
dcz,29,24,N
ZUe,29,24,N
MpE,29,24,N
A2,21,16,N
hT,21,16,N
55a,29,24,N
xm,21,16,N
ZOq2,38,32,N
n4G,29,24,N
Q0,21,16,N
fTp,29,24,N
3M,21,16,N
Ft,21,16,C
4ANi,38,32,N
EJN,29,24,N
4PL,29,24,N
Kg,21,16,N
2Evu,38,32,N
2Y,21,16,N
xea,29,24,N
tLV,29,24,N
uW,21,16,N
wVk,29,24,N
7msK,38,32,N
NKSE,38,32,N
3FU,29,24,C
PWyn,38,32,N
fP,21,16,N
b46C,38,32,C
otk,29,24,N
gYNw,38,32,N
vmvF,38,32,N
Kov,29,24,N
n0,21,16,N
5H,21,16,N
NLO,29,24,N
cW,21,16,N
6S,21,16,N
nJs,29,24,N
qY,21,16,N
Iq,21,16,N
eOh9,38,32,N
Mwy,29,24,N
OeM3,38,32,N
Lu8,29,24,N
Ga,21,16,N
cnB,29,24,N
l4R,29,24,N
Ugf,29,24,N
93,21,16,N
ry,21,16,N
0o,21,16,N
MvOG,38,32,N
f3,21,16,N
Nh,21,16,N
pH2L,38,32,N
V8Qk,38,32,N
77Ss,38,32,N
G7,21,16,N
s3j9,38,32,N
wyO,29,24,N
QkLc,38,32,N
hs,21,16,N
Eb,21,16,N
Vl,21,16,N
xso,29,24,N
tAS,29,24,N